{"stat.leaveGame":2,"stat.pickup.minecraft.stone_pickaxe":1,"stat.mineBlock.minecraft.ice":2,"stat.swimOneCm":2098,"stat.jump":451,"stat.pickup.minecraft.coal":4,"stat.pickup.minecraft.cooked_chicken":3,"stat.fallOneCm":6039,"stat.drop.minecraft.cobblestone":20,"stat.useItem.minecraft.stone_axe":68,"stat.pickup.minecraft.porkchop":2,"stat.crouchOneCm":4619,"stat.craftItem.toughasnails.wool_leggings":1,"stat.useItem.minecraft.dirt":47,"stat.pickup.minecraft.dirt":60,"stat.useItem.minecraft.stone_slab2":16,"stat.craftingTableInteraction":15,"stat.pickup.minecraft.iron_ore":4,"stat.pickup.minecraft.rotten_flesh":2,"stat.pickup.minecraft.sand":10,"stat.pickup.minecraft.stone_shovel":1,"stat.craftItem.minecraft.stone_axe":1,"stat.craftItem.futuremc.campfire":2,"stat.damageTaken":473,"stat.pickup.minecraft.feather":7,"stat.pickup.minecraft.leather":12,"stat.mineBlock.minecraft.furnace":3,"stat.craftItem.minecraft.cooked_beef":8,"stat.pickup.minecraft.cobblestone":24,"stat.pickup.minecraft.planks":20,"stat.useItem.minecraft.stone_shovel":31,"stat.flyOneCm":80601,"stat.pickup.minecraft.wheat_seeds":2,"stat.mineBlock.minecraft.sand":11,"stat.useItem.minecraft.stone_pickaxe":27,"stat.useItem.minecraft.cooked_beef":7,"stat.useItem.minecraft.stone_sword":13,"stat.damageDealt":3181,"stat.mineBlock.minecraft.iron_ore":5,"stat.timeSinceDeath":27958,"stat.craftItem.spartanshields.shield_basic_wood":1,"stat.killEntity.Cow":16,"stat.mineBlock.minecraft.dirt":23,"stat.killEntity.Pig":1,"stat.pickup.minecraft.mutton":17,"stat.walkOneCm":60119,"stat.pickup.minecraft.crafting_table":2,"stat.furnaceInteraction":12,"stat.craftItem.minecraft.leather_boots":1,"stat.pickup.minecraft.log":25,"stat.pickup.minecraft.beef":30,"stat.pickup.minecraft.furnace":3,"stat.craftItem.minecraft.stone_slab2":0,"stat.pickup.minecraft.stone":3,"stat.pickup.minecraft.chicken":4,"stat.sprintOneCm":27775,"stat.pickup.minecraft.cooked_beef":21,"stat.craftItem.minecraft.stick":12,"stat.craftItem.spartanshields.shield_tower_wood":1,"stat.craftItem.minecraft.planks":76,"stat.killEntity.Chicken":4,"stat.mineBlock.minecraft.crafting_table":2,"stat.pickup.minecraft.stone_sword":1,"stat.mobKills":35,"stat.mineBlock.minecraft.log":25,"stat.drop":12,"stat.pickup.minecraft.egg":2,"stat.playOneMinute":27958,"stat.craftItem.minecraft.leather_chestplate":1,"stat.killEntity.Sheep":12,"stat.sneakTime":1243,"stat.pickup.minecraft.wool":12,"stat.drop.minecraft.beef":1,"stat.killEntity.Zombie":2,"stat.mineBlock.minecraft.stone":18,"stat.mineBlock.minecraft.tallgrass":6,"stat.diveOneCm":2570,"stat.pickup.minecraft.cooked_mutton":7}