{"stats":{"minecraft:picked_up":{"minecraft:crafting_table":4,"minecraft:azure_bluet":1,"minecraft:clay_ball":436,"minecraft:gold_block":1,"minecraft:chain":1,"minecraft:amethyst_block":4,"minecraft:string":8,"minecraft:moss_carpet":5,"minecraft:raw_copper":15,"minecraft:sticky_piston":3,"minecraft:cobbled_deepslate":496,"minecraft:music_disc_otherside":4,"minecraft:light_weighted_pressure_plate":1,"minecraft:oak_boat":1,"minecraft:jungle_sapling":4,"minecraft:melon_slice":15,"minecraft:sugar_cane":4,"minecraft:chest":4,"minecraft:furnace":2,"minecraft:raw_iron":68,"minecraft:oak_door":5,"minecraft:big_dripleaf":6,"minecraft:oak_fence":3,"minecraft:torch":1,"minecraft:redstone":44,"minecraft:stone_sword":2,"minecraft:arrow":8,"minecraft:rotten_flesh":5,"minecraft:hay_block":10,"minecraft:gold_ingot":1,"minecraft:oak_chest_boat":2,"minecraft:glow_berries":37,"minecraft:obsidian":22,"minecraft:rail":24,"minecraft:bone_block":6,"minecraft:oxeye_daisy":1,"minecraft:jungle_boat":9,"minecraft:feather":1,"minecraft:jungle_log":34,"minecraft:potato":10,"minecraft:oak_log":13,"minecraft:flint":1,"minecraft:tuff":52,"minecraft:lapis_lazuli":35,"minecraft:dirt":376,"minecraft:paper":4,"minecraft:bone":14,"minecraft:wheat_seeds":14,"minecraft:wild_armor_trim_smithing_template":2,"minecraft:raw_gold":25,"minecraft:bell":1,"minecraft:spore_blossom":2,"minecraft:iron_ingot":5,"minecraft:stone_pickaxe":1,"minecraft:moss_block":20,"minecraft:soul_sand":17,"minecraft:oak_planks":60,"minecraft:flowering_azalea":7,"minecraft:cooked_porkchop":2,"minecraft:music_disc_13":1,"minecraft:dandelion":2,"minecraft:gravel":22,"minecraft:sand":80,"minecraft:jungle_planks":15,"minecraft:ink_sac":2,"minecraft:blast_furnace":2,"minecraft:white_bed":3,"minecraft:diamond":112,"minecraft:golden_apple":5,"minecraft:bread":2,"minecraft:oak_sapling":5,"minecraft:coal":19,"minecraft:diamond_pickaxe":1},"minecraft:custom":{"minecraft:mob_kills":22,"minecraft:interact_with_crafting_table":31,"minecraft:bell_ring":10,"minecraft:leave_game":12,"minecraft:time_since_death":156740,"minecraft:climb_one_cm":3556,"minecraft:sprint_one_cm":177216,"minecraft:walk_one_cm":416679,"minecraft:damage_blocked_by_shield":673,"minecraft:drop":60,"minecraft:damage_dealt_absorbed":5,"minecraft:talked_to_villager":3,"minecraft:play_time":156740,"minecraft:sneak_time":11004,"minecraft:walk_under_water_one_cm":47240,"minecraft:boat_one_cm":317623,"minecraft:jump":2191,"minecraft:walk_on_water_one_cm":45931,"minecraft:total_world_time":156740,"minecraft:interact_with_furnace":34,"minecraft:play_record":4,"minecraft:sleep_in_bed":1,"minecraft:time_since_rest":3904,"minecraft:damage_taken":1080,"minecraft:damage_absorbed":38,"minecraft:damage_dealt":4570,"minecraft:swim_one_cm":18961,"minecraft:fly_one_cm":215651,"minecraft:player_kills":1,"minecraft:open_chest":48,"minecraft:crouch_one_cm":29327,"minecraft:fall_one_cm":40863},"minecraft:mined":{"minecraft:nether_gold_ore":4,"minecraft:crying_obsidian":1,"minecraft:tuff":53,"minecraft:white_bed":3,"minecraft:deepslate_diamond_ore":41,"minecraft:oak_door":3,"minecraft:jungle_leaves":3,"minecraft:obsidian":19,"minecraft:granite":33,"minecraft:grass_block":287,"minecraft:jungle_planks":15,"minecraft:jungle_log":34,"minecraft:moss_block":23,"minecraft:oxeye_daisy":1,"minecraft:hay_block":10,"minecraft:tall_seagrass":2,"minecraft:spore_blossom":2,"minecraft:weeping_vines_plant":2,"minecraft:furnace":2,"minecraft:iron_ore":12,"minecraft:fire":3,"minecraft:cobbled_deepslate":24,"minecraft:andesite":2,"minecraft:deepslate_lapis_ore":6,"minecraft:big_dripleaf_stem":1,"minecraft:azure_bluet":1,"minecraft:gold_block":1,"minecraft:bell":1,"minecraft:vine":6,"minecraft:dirt_path":2,"minecraft:cave_vines":3,"minecraft:deepslate_iron_ore":59,"minecraft:azalea":1,"minecraft:stone":24,"minecraft:bone_block":6,"minecraft:deepslate_redstone_ore":10,"minecraft:flowering_azalea":6,"minecraft:soul_sand":8,"minecraft:soul_fire":4,"minecraft:dandelion":2,"minecraft:torch":1,"minecraft:oak_fence":1,"minecraft:clay":109,"minecraft:crafting_table":4,"minecraft:short_grass":57,"minecraft:blast_furnace":2,"minecraft:chest":3,"minecraft:copper_ore":4,"minecraft:tall_grass":10,"minecraft:deepslate_gold_ore":13,"minecraft:oak_planks":2,"minecraft:sugar_cane":2,"minecraft:diorite":3,"minecraft:big_dripleaf":1,"minecraft:seagrass":1,"minecraft:chain":1,"minecraft:oak_log":13,"minecraft:coal_ore":19,"minecraft:gravel":28,"minecraft:sand":145,"minecraft:dirt":80,"minecraft:cobweb":7,"minecraft:small_dripleaf":1,"minecraft:netherrack":55,"minecraft:oak_leaves":6,"minecraft:fern":2,"minecraft:deepslate":299},"minecraft:crafted":{"minecraft:oak_door":6,"minecraft:oak_planks":52,"minecraft:stone_shovel":2,"minecraft:diamond_shovel":1,"minecraft:flint_and_steel":1,"minecraft:diamond_helmet":1,"minecraft:diamond_leggings":1,"minecraft:iron_boots":1,"minecraft:iron_axe":1,"minecraft:chest":5,"minecraft:diamond_boots":1,"minecraft:oak_button":1,"minecraft:golden_boots":1,"minecraft:wheat":90,"minecraft:diamond_sword":1,"minecraft:diamond_axe":1,"minecraft:crafting_table":3,"minecraft:jungle_boat":1,"minecraft:iron_helmet":1,"minecraft:iron_sword":1,"minecraft:stone_axe":1,"minecraft:bread":21,"minecraft:jungle_slab":12,"minecraft:air":0,"minecraft:jungle_planks":108,"minecraft:oak_boat":2,"minecraft:oak_chest_boat":1,"minecraft:iron_chestplate":1,"minecraft:diamond_pickaxe":1,"minecraft:shield":1,"minecraft:stick":28,"minecraft:iron_ingot":46,"minecraft:iron_pickaxe":1,"minecraft:stone_sword":1,"minecraft:iron_shovel":1,"minecraft:iron_leggings":1,"minecraft:gold_ingot":9,"minecraft:diamond_chestplate":1},"minecraft:broken":{"minecraft:iron_shovel":1,"minecraft:iron_pickaxe":1},"minecraft:used":{"minecraft:moss_block":1,"minecraft:stone_sword":18,"minecraft:iron_shovel":253,"minecraft:flint_and_steel":8,"minecraft:stone_shovel":25,"minecraft:chest":6,"minecraft:shield":9,"minecraft:iron_sword":52,"minecraft:bell":1,"minecraft:rotten_flesh":4,"minecraft:oak_door":10,"minecraft:torch":1,"minecraft:dirt":158,"minecraft:jungle_planks":93,"minecraft:jungle_slab":9,"minecraft:diamond_helmet":1,"minecraft:axolotl_bucket":6,"minecraft:obsidian":6,"minecraft:lava_bucket":2,"minecraft:iron_axe":12,"minecraft:jungle_log":3,"minecraft:iron_helmet":1,"minecraft:iron_boots":1,"minecraft:diamond_chestplate":1,"minecraft:furnace":1,"minecraft:cooked_cod":8,"minecraft:cobbled_deepslate":242,"minecraft:oak_chest_boat":1,"minecraft:water_bucket":8,"minecraft:diamond_boots":1,"minecraft:oak_planks":35,"minecraft:diamond_axe":55,"minecraft:jungle_boat":9,"minecraft:golden_apple":1,"minecraft:glow_berries":30,"minecraft:crafting_table":7,"minecraft:blast_furnace":1,"minecraft:white_bed":1,"minecraft:diamond_pickaxe":495,"minecraft:apple":6,"minecraft:diamond_shovel":397,"minecraft:melon_slice":15,"minecraft:bread":4,"minecraft:iron_pickaxe":254,"minecraft:gravel":3,"minecraft:stone_axe":3,"minecraft:diamond_sword":27,"minecraft:cooked_porkchop":1,"minecraft:bucket":17,"minecraft:oak_boat":2},"minecraft:dropped":{"minecraft:iron_ingot":30,"minecraft:iron_sword":1,"minecraft:moss_block":19,"minecraft:diamond":60,"minecraft:spore_blossom":4,"minecraft:oak_fence":3,"minecraft:golden_axe":1,"minecraft:iron_helmet":1,"minecraft:glow_berries":1,"minecraft:rail":24,"minecraft:golden_apple":2,"minecraft:stick":3,"minecraft:chain":1,"minecraft:iron_leggings":1,"minecraft:gold_nugget":5,"minecraft:flowering_azalea":15,"minecraft:sand":16,"minecraft:string":8,"minecraft:bone":14,"minecraft:oak_door":1,"minecraft:gravel":19,"minecraft:stone_axe":1,"minecraft:moss_carpet":5,"minecraft:jukebox":1,"minecraft:stone_sword":3,"minecraft:cobbled_deepslate":140,"minecraft:stone_shovel":2,"minecraft:clay_ball":376,"minecraft:iron_boots":1,"minecraft:suspicious_stew":1,"minecraft:filled_map":1,"minecraft:chiseled_stone_bricks":1,"minecraft:big_dripleaf":6,"minecraft:oak_button":1,"minecraft:iron_chestplate":1,"minecraft:chest":1,"minecraft:stone_pickaxe":1},"minecraft:killed":{"minecraft:spider":1,"minecraft:skeleton":7,"minecraft:drowned":4,"minecraft:hoglin":2,"minecraft:zombie":7}},"DataVersion":3953}