{"stats":{"minecraft:picked_up":{"minecraft:crafting_table":2,"minecraft:coarse_dirt":10,"minecraft:feather":2,"alexsmobs:bison_fur":2,"minecraft:oak_log":36,"iceandfire:ectoplasm":1,"iceandfire:manuscript":6,"minecraft:string":17,"minecraft:name_tag":1,"minecraft:bone":4,"minecraft:apple":1,"minecraft:bow":1,"minecraft:wheat_seeds":2,"minecraft:candle":3,"minecraft:gold_nugget":13,"minecraft:iron_ingot":2,"minecraft:beef":8,"minecraft:cobweb":2,"minecraft:stick":15,"iceandfire:ghost_chest":1,"minecraft:torch":2,"tombstone:grave_dust":1,"minecraft:blast_furnace":1,"minecraft:arrow":1,"minecraft:rotten_flesh":2,"minecraft:bone_meal":1,"minecraft:emerald":2,"minecraft:gold_ingot":3,"alexsmobs:banana_slug_slime":3,"minecraft:oak_sapling":18,"minecraft:mutton":4,"minecraft:dark_oak_fence":1,"alexsmobs:flying_fish":1,"minecraft:white_wool":7,"minecraft:cobblestone":24},"minecraft:crafted":{"minecraft:oak_planks":136,"minecraft:stone_shovel":1,"minecraft:crafting_table":1,"minecraft:wooden_pickaxe":1,"minecraft:stone_axe":1,"minecraft:bread":6,"minecraft:shield":2,"minecraft:stick":12,"minecraft:stone_pickaxe":1,"minecraft:stone_sword":1},"minecraft:killed":{"alexsmobs:skunk":1,"alexsmobs:seagull":1,"minecraft:sheep":2,"minecraft:skeleton":1,"minecraft:zombie":1,"alexsmobs:banana_slug":2,"alexsmobs:bison":1,"alexsmobs:flying_fish":1},"minecraft:killed_by":{"minecraft:skeleton":2},"minecraft:used":{"minecraft:beetroot":4,"minecraft:stone_sword":72,"minecraft:stone_pickaxe":15,"minecraft:stone_shovel":17,"minecraft:oak_planks":12,"minecraft:wooden_pickaxe":14,"minecraft:shield":9,"minecraft:white_wool":1,"minecraft:mutton":3,"minecraft:crafting_table":3,"minecraft:carrot":6,"minecraft:oak_log":2,"alexsmobs:flying_fish":1,"minecraft:apple":1,"minecraft:bread":2,"tombstone:grave_key":1,"minecraft:stone_axe":43,"minecraft:cobblestone":15,"minecraft:dark_oak_fence":1,"tombstone:gift":2,"minecraft:candle":2},"minecraft:dropped":{"minecraft:wheat_seeds":2,"minecraft:wheat":1,"minecraft:feather":2,"minecraft:rotten_flesh":5,"minecraft:shield":1,"minecraft:bone_meal":1,"minecraft:arrow":1,"minecraft:bow":1,"minecraft:bone":4},"minecraft:custom":{"minecraft:mob_kills":11,"minecraft:interact_with_crafting_table":6,"minecraft:open_barrel":3,"minecraft:leave_game":3,"minecraft:time_since_death":32580,"minecraft:climb_one_cm":25,"minecraft:time_since_rest":32286,"minecraft:sprint_one_cm":143361,"minecraft:damage_taken":960,"minecraft:walk_one_cm":132155,"minecraft:damage_blocked_by_shield":555,"minecraft:drop":10,"minecraft:damage_dealt":1673,"minecraft:damage_dealt_absorbed":121,"minecraft:swim_one_cm":22642,"minecraft:fly_one_cm":194124,"minecraft:open_chest":15,"minecraft:play_time":64028,"minecraft:crouch_one_cm":6264,"tombstone:undead_killed":2,"minecraft:deaths":3,"minecraft:sneak_time":2193,"minecraft:walk_under_water_one_cm":6265,"minecraft:jump":1269,"minecraft:walk_on_water_one_cm":16946,"minecraft:total_world_time":64028,"minecraft:fall_one_cm":31077},"minecraft:mined":{"minecraft:candle":1,"minecraft:crafting_table":2,"minecraft:torch":1,"minecraft:dark_oak_fence":2,"minecraft:blast_furnace":1,"iceandfire:ghost_chest":1,"biomesoplenty:high_grass_plant":9,"minecraft:tall_grass":1,"minecraft:cobblestone":6,"minecraft:deepslate_tile_stairs":2,"biomesoplenty:huge_clover_petal":4,"biomesoplenty:dune_grass":70,"minecraft:spawner":1,"minecraft:large_fern":6,"minecraft:coarse_dirt":15,"minecraft:pumpkin":1,"minecraft:stone_brick_stairs":1,"biomesoplenty:sea_oats":66,"minecraft:grass":14,"biomesoplenty:clover":15,"minecraft:oak_log":36,"biomesoplenty:high_grass":4,"minecraft:vine":1,"minecraft:cobweb":22,"minecraft:stone":18,"minecraft:white_wool":6,"minecraft:oak_leaves":8,"minecraft:fern":6,"minecraft:suspicious_gravel":1}},"DataVersion":3465}