{"stats":{"minecraft:mined":{"biomesoplenty:sea_oats":19,"minecraft:grass":1,"biomesoplenty:dune_grass":34},"minecraft:custom":{"minecraft:jump":329,"minecraft:time_since_rest":6552,"minecraft:damage_dealt":40,"minecraft:damage_taken":220,"minecraft:leave_game":2,"minecraft:time_since_death":6844,"minecraft:play_time":16026,"minecraft:sprint_one_cm":33190,"minecraft:walk_one_cm":23449,"minecraft:walk_on_water_one_cm":5496,"minecraft:deaths":1,"minecraft:sneak_time":23,"minecraft:total_world_time":16026,"minecraft:walk_under_water_one_cm":2199,"minecraft:swim_one_cm":18735,"minecraft:fall_one_cm":10710,"minecraft:fly_one_cm":55066}},"DataVersion":3465}