{"stats":{"minecraft:used":{"minecraft:golden_boots":1,"minecraft:wooden_pickaxe":15,"iceandfire:dragon_skull_lightning":1,"minecraft:crafting_table":2,"minecraft:golden_shovel":29,"biomesoplenty:dead_boat":1,"minecraft:wooden_axe":33,"minecraft:golden_helmet":1,"tombstone:gift":3,"alexsmobs:animal_dictionary":1,"minecraft:brush":6},"minecraft:crafted":{"biomesoplenty:dead_planks":28,"minecraft:crafting_table":1,"minecraft:wooden_pickaxe":1,"biomesoplenty:dead_boat":1,"tombstone:grave_key":2,"minecraft:stick":4,"minecraft:wooden_axe":1},"minecraft:picked_up":{"iceandfire:dragon_skull_lightning":1,"minecraft:crafting_table":2,"biomesoplenty:dead_boat":1,"biomesoplenty:dried_salt":4,"iceandfire:fire_lily":1,"biomesoplenty:dead_log":6,"iceandfire:ectoplasm":1,"minecraft:brick":1,"minecraft:dirt":10,"minecraft:name_tag":2,"iceandfire:graveyard_soil":2,"minecraft:gold_nugget":62,"biomesoplenty:tiny_cactus":3,"minecraft:sugar_cane":31,"minecraft:stick":19,"iceandfire:copper_nugget":10,"iceandfire:dragonbone":24,"iceandfire:ash":6,"biomesoplenty:wilted_lily":3,"minecraft:sand":7,"tombstone:grave_dust":2,"minecraft:skeleton_skull":1,"minecraft:iron_bars":1,"minecraft:cobblestone":2},"minecraft:killed_by":{"iceandfire:deathworm":1,"minecraft:skeleton":1,"iceandfire:lightning_dragon":1,"iceandfire:ghost":8,"iceandfire:fire_dragon":1},"minecraft:custom":{"minecraft:mob_kills":8,"minecraft:interact_with_crafting_table":3,"minecraft:open_barrel":1,"minecraft:leave_game":6,"minecraft:time_since_death":23983,"minecraft:climb_one_cm":74,"minecraft:time_since_rest":21051,"minecraft:sprint_one_cm":80797,"minecraft:damage_taken":3789,"minecraft:walk_one_cm":93334,"minecraft:trigger_trapped_chest":5,"minecraft:damage_dealt":1686,"minecraft:swim_one_cm":52616,"minecraft:talked_to_villager":1,"minecraft:fly_one_cm":868338,"minecraft:open_chest":26,"minecraft:crouch_one_cm":732,"minecraft:play_time":77058,"tombstone:undead_killed":4,"minecraft:deaths":13,"minecraft:sneak_time":1848,"minecraft:walk_under_water_one_cm":8264,"minecraft:boat_one_cm":65610,"minecraft:jump":1194,"minecraft:walk_on_water_one_cm":17219,"minecraft:total_world_time":77058,"minecraft:fall_one_cm":32797},"minecraft:mined":{"iceandfire:graveyard_soil":2,"biomesoplenty:tiny_cactus":3,"minecraft:crafting_table":2,"minecraft:grass_block":4,"minecraft:dead_bush":22,"iceandfire:fire_lily":1,"minecraft:cobblestone":2,"biomesoplenty:wilted_lily":3,"biomesoplenty:dead_grass":1,"minecraft:sugar_cane":14,"minecraft:skeleton_skull":1,"iceandfire:ash":6,"minecraft:grass":1,"biomesoplenty:dead_log":7,"iceandfire:gold_pile":5,"minecraft:vine":2,"minecraft:iron_bars":1,"minecraft:dirt":7,"minecraft:fern":1},"minecraft:broken":{"minecraft:wooden_axe":1},"minecraft:killed":{"alexsmobs:guster":4,"minecraft:zombie":1,"iceandfire:ghost":3}},"DataVersion":3465}