{"stats":{"minecraft:used":{"minecraft:stone_pickaxe":4,"minecraft:wooden_pickaxe":14,"minecraft:stone_axe":19,"minecraft:crafting_table":1,"minecraft:dark_oak_fence":1},"minecraft:killed":{"alexsmobs:seagull":1},"minecraft:crafted":{"minecraft:oak_planks":40,"minecraft:stone_shovel":1,"minecraft:crafting_table":1,"minecraft:stick":8,"minecraft:wooden_pickaxe":1,"minecraft:stone_pickaxe":1,"minecraft:stone_axe":1},"minecraft:picked_up":{"minecraft:crafting_table":1,"minecraft:feather":1,"minecraft:oak_log":21,"minecraft:blast_furnace":1,"minecraft:name_tag":1,"minecraft:iron_ingot":2,"minecraft:gold_ingot":3,"minecraft:emerald":2,"minecraft:oak_sapling":1,"minecraft:dark_oak_fence":1,"minecraft:cobblestone":19},"minecraft:mined":{"minecraft:large_fern":4,"minecraft:pumpkin":1,"minecraft:crafting_table":1,"minecraft:dark_oak_fence":2,"biomesoplenty:sea_oats":36,"minecraft:grass":3,"minecraft:blast_furnace":1,"minecraft:oak_log":21,"minecraft:cobblestone":3,"minecraft:stone":14,"minecraft:oak_leaves":3,"biomesoplenty:dune_grass":52,"minecraft:fern":2},"minecraft:custom":{"minecraft:time_since_rest":17270,"minecraft:sprint_one_cm":66635,"minecraft:damage_taken":230,"minecraft:walk_one_cm":57584,"minecraft:mob_kills":1,"minecraft:damage_dealt":126,"minecraft:interact_with_crafting_table":3,"minecraft:swim_one_cm":20522,"minecraft:fly_one_cm":87267,"minecraft:open_chest":1,"minecraft:crouch_one_cm":1593,"minecraft:play_time":26744,"minecraft:deaths":1,"minecraft:sneak_time":430,"minecraft:walk_under_water_one_cm":2419,"minecraft:jump":596,"minecraft:leave_game":2,"minecraft:time_since_death":17562,"minecraft:walk_on_water_one_cm":8415,"minecraft:total_world_time":26744,"minecraft:fall_one_cm":15109}},"DataVersion":3465}