{"stat.leaveGame":3,"stat.craftItem.minecraft.cooked_porkchop":2,"stat.mineBlock.minecraft.cobblestone":9,"stat.pickup.minecraft.stone_pickaxe":1,"stat.mineBlock.minecraft.ice":2,"stat.swimOneCm":2098,"stat.jump":507,"stat.pickup.minecraft.coal":4,"stat.pickup.minecraft.cooked_chicken":3,"stat.fallOneCm":6248,"stat.drop.minecraft.cobblestone":20,"stat.useItem.minecraft.stone_axe":68,"stat.pickup.minecraft.porkchop":2,"stat.crouchOneCm":7011,"stat.craftItem.toughasnails.wool_leggings":1,"stat.craftItem.minecraft.iron_ingot":3,"stat.useItem.minecraft.dirt":50,"stat.pickup.minecraft.dirt":74,"stat.useItem.minecraft.stone_slab2":16,"stat.craftingTableInteraction":22,"stat.pickup.minecraft.iron_ore":4,"stat.pickup.minecraft.rotten_flesh":2,"stat.pickup.minecraft.sand":10,"stat.pickup.minecraft.stone_shovel":1,"stat.craftItem.minecraft.stone_axe":1,"stat.craftItem.futuremc.campfire":2,"stat.damageTaken":884,"stat.pickup.minecraft.feather":7,"stat.pickup.minecraft.leather":12,"stat.mineBlock.minecraft.furnace":3,"stat.craftItem.minecraft.cooked_beef":8,"stat.pickup.minecraft.cobblestone":46,"stat.pickup.minecraft.planks":20,"stat.useItem.minecraft.stone_shovel":46,"stat.flyOneCm":80692,"stat.pickup.minecraft.wheat_seeds":2,"stat.mineBlock.minecraft.sand":11,"stat.useItem.minecraft.stone_pickaxe":51,"stat.useItem.minecraft.cooked_beef":12,"stat.useItem.minecraft.stone_sword":13,"stat.damageDealt":3181,"stat.craftItem.minecraft.glass":7,"stat.mineBlock.minecraft.iron_ore":5,"stat.timeSinceDeath":36569,"stat.craftItem.spartanshields.shield_basic_wood":1,"stat.killEntity.Cow":16,"stat.mineBlock.minecraft.dirt":38,"stat.killEntity.Pig":1,"stat.pickup.minecraft.mutton":17,"stat.walkOneCm":71468,"stat.pickup.minecraft.crafting_table":2,"stat.furnaceInteraction":51,"stat.craftItem.minecraft.leather_boots":1,"stat.pickup.minecraft.log":25,"stat.pickup.minecraft.beef":30,"stat.pickup.minecraft.furnace":3,"stat.craftItem.minecraft.stone_slab2":0,"stat.pickup.minecraft.stone":3,"stat.pickup.minecraft.chicken":4,"stat.sprintOneCm":27920,"stat.pickup.minecraft.cooked_beef":21,"stat.craftItem.minecraft.stick":12,"stat.craftItem.spartanshields.shield_tower_wood":1,"stat.craftItem.minecraft.planks":76,"stat.craftItem.minecraft.stone":6,"stat.killEntity.Chicken":4,"stat.mineBlock.minecraft.crafting_table":2,"stat.pickup.minecraft.stone_sword":1,"stat.mobKills":35,"stat.mineBlock.minecraft.log":25,"stat.drop":12,"stat.pickup.minecraft.egg":2,"stat.playOneMinute":36569,"stat.craftItem.minecraft.leather_chestplate":1,"stat.killEntity.Sheep":12,"stat.sneakTime":2036,"stat.pickup.minecraft.wool":12,"stat.drop.minecraft.beef":1,"stat.killEntity.Zombie":2,"stat.mineBlock.minecraft.stone":33,"stat.mineBlock.minecraft.tallgrass":6,"stat.craftItem.minecraft.cooked_mutton":7,"stat.diveOneCm":2570,"stat.pickup.minecraft.cooked_mutton":7}