{"stat.walkOneCm":33084,"stat.leaveGame":1,"stat.pickup.minecraft.crafting_table":2,"stat.pickup.minecraft.stone_pickaxe":1,"stat.furnaceInteraction":9,"stat.craftItem.minecraft.leather_boots":1,"stat.pickup.minecraft.log":22,"stat.swimOneCm":2098,"stat.jump":235,"stat.pickup.minecraft.coal":2,"stat.fallOneCm":2844,"stat.pickup.minecraft.beef":30,"stat.pickup.minecraft.furnace":2,"stat.useItem.minecraft.stone_axe":54,"stat.craftItem.minecraft.stone_slab2":0,"stat.pickup.minecraft.stone":3,"stat.pickup.minecraft.chicken":4,"stat.crouchOneCm":2062,"stat.useItem.minecraft.dirt":39,"stat.pickup.minecraft.dirt":58,"stat.sprintOneCm":15519,"stat.useItem.minecraft.stone_slab2":12,"stat.pickup.minecraft.cooked_beef":21,"stat.craftItem.minecraft.stick":8,"stat.craftingTableInteraction":10,"stat.pickup.minecraft.rotten_flesh":2,"stat.pickup.minecraft.stone_shovel":1,"stat.craftItem.spartanshields.shield_tower_wood":1,"stat.craftItem.minecraft.planks":76,"stat.killEntity.Chicken":4,"stat.craftItem.minecraft.stone_axe":1,"stat.craftItem.futuremc.campfire":1,"stat.damageTaken":370,"stat.mineBlock.minecraft.crafting_table":2,"stat.pickup.minecraft.feather":7,"stat.pickup.minecraft.leather":12,"stat.pickup.minecraft.stone_sword":1,"stat.mineBlock.minecraft.furnace":2,"stat.craftItem.minecraft.cooked_beef":8,"stat.mobKills":26,"stat.pickup.minecraft.cobblestone":16,"stat.mineBlock.minecraft.log":22,"stat.pickup.minecraft.planks":18,"stat.useItem.minecraft.stone_shovel":18,"stat.flyOneCm":36065,"stat.pickup.minecraft.wheat_seeds":2,"stat.drop":1,"stat.pickup.minecraft.egg":2,"stat.playOneMinute":17644,"stat.craftItem.minecraft.leather_chestplate":1,"stat.useItem.minecraft.stone_pickaxe":20,"stat.killEntity.Sheep":4,"stat.useItem.minecraft.cooked_beef":4,"stat.useItem.minecraft.stone_sword":13,"stat.sneakTime":509,"stat.pickup.minecraft.wool":4,"stat.damageDealt":2441,"stat.drop.minecraft.beef":1,"stat.killEntity.Zombie":2,"stat.timeSinceDeath":17644,"stat.craftItem.spartanshields.shield_basic_wood":1,"stat.killEntity.Cow":16,"stat.mineBlock.minecraft.dirt":21,"stat.mineBlock.minecraft.stone":17,"stat.mineBlock.minecraft.tallgrass":5,"stat.diveOneCm":2570,"stat.pickup.minecraft.mutton":6,"stat.pickup.minecraft.cooked_mutton":6}