{"stats":{"minecraft:used":{"minecraft:beetroot":4,"minecraft:stone_sword":129,"minecraft:stone_pickaxe":100,"minecraft:stone_shovel":17,"minecraft:oak_planks":14,"minecraft:wooden_pickaxe":14,"minecraft:shield":12,"minecraft:white_wool":1,"minecraft:mutton":3,"minecraft:crafting_table":4,"minecraft:carrot":6,"minecraft:white_bed":2,"minecraft:oak_log":2,"alexsmobs:flying_fish":1,"minecraft:apple":1,"minecraft:bread":5,"tombstone:grave_key":2,"minecraft:stone_axe":69,"minecraft:cobblestone":43,"minecraft:beef":5,"minecraft:dark_oak_fence":1,"tombstone:gift":2,"minecraft:candle":2},"minecraft:killed":{"alexsmobs:skunk":1,"minecraft:vindicator":1,"alexsmobs:seagull":1,"minecraft:sheep":2,"minecraft:skeleton":1,"minecraft:pillager":2,"minecraft:zombie":1,"alexsmobs:banana_slug":2,"alexsmobs:bison":1,"alexsmobs:flying_fish":1},"minecraft:crafted":{"minecraft:oak_planks":136,"minecraft:stone_shovel":1,"minecraft:crafting_table":2,"minecraft:wooden_pickaxe":1,"minecraft:stone_axe":1,"minecraft:bread":6,"minecraft:shield":2,"minecraft:stick":12,"minecraft:stone_pickaxe":2,"minecraft:white_bed":1,"minecraft:stone_sword":1},"minecraft:broken":{"minecraft:stone_sword":1},"minecraft:dropped":{"minecraft:wheat_seeds":14,"minecraft:wheat":1,"minecraft:feather":2,"minecraft:rotten_flesh":5,"alexsmobs:bison_fur":2,"minecraft:flint":2,"minecraft:cobweb":2,"minecraft:shield":1,"minecraft:torch":2,"minecraft:bone_meal":1,"minecraft:arrow":1,"minecraft:bow":1,"minecraft:stone_pickaxe":3,"minecraft:wooden_pickaxe":1,"minecraft:bone":4},"minecraft:picked_up":{"minecraft:crafting_table":3,"minecraft:coarse_dirt":10,"minecraft:feather":2,"alexsmobs:bison_fur":2,"minecraft:oak_log":36,"iceandfire:ectoplasm":1,"iceandfire:manuscript":6,"minecraft:string":32,"minecraft:name_tag":1,"minecraft:bone":4,"minecraft:apple":1,"minecraft:bow":1,"minecraft:wheat_seeds":14,"minecraft:candle":3,"minecraft:gold_nugget":13,"minecraft:stone_pickaxe":2,"minecraft:iron_ingot":2,"minecraft:beef":8,"minecraft:cobweb":2,"minecraft:oak_planks":2,"minecraft:stick":15,"iceandfire:ghost_chest":1,"minecraft:torch":4,"tombstone:grave_dust":1,"minecraft:blast_furnace":1,"minecraft:white_bed":2,"minecraft:arrow":1,"minecraft:rotten_flesh":2,"biomesoplenty:jacaranda_log":10,"minecraft:bone_meal":1,"minecraft:emerald":3,"minecraft:gold_ingot":3,"alexsmobs:banana_slug_slime":3,"minecraft:oak_sapling":18,"minecraft:mutton":4,"minecraft:dark_oak_fence":1,"alexsmobs:flying_fish":1,"minecraft:white_wool":7,"minecraft:cobblestone":103},"minecraft:mined":{"minecraft:white_bed":2,"minecraft:candle":1,"minecraft:crafting_table":3,"minecraft:torch":1,"minecraft:dark_oak_fence":2,"biomesoplenty:bush":3,"minecraft:blast_furnace":1,"iceandfire:ghost_chest":1,"biomesoplenty:sprout":2,"biomesoplenty:high_grass_plant":92,"minecraft:tall_grass":4,"minecraft:cobblestone":38,"minecraft:deepslate_tile_stairs":2,"biomesoplenty:huge_clover_petal":16,"minecraft:oak_planks":2,"biomesoplenty:dune_grass":80,"minecraft:spawner":2,"minecraft:large_fern":11,"biomesoplenty:jacaranda_log":10,"minecraft:coarse_dirt":15,"biomesoplenty:pink_daffodil":2,"minecraft:pumpkin":1,"minecraft:stone_brick_stairs":1,"biomesoplenty:sea_oats":93,"minecraft:grass":106,"biomesoplenty:clover":25,"minecraft:oak_log":36,"biomesoplenty:high_grass":71,"minecraft:vine":1,"minecraft:cobweb":39,"minecraft:stone":69,"minecraft:white_wool":7,"minecraft:oak_leaves":8,"minecraft:fern":10,"minecraft:suspicious_gravel":1},"minecraft:custom":{"minecraft:mob_kills":14,"tombstone:raider_killed":3,"minecraft:interact_with_crafting_table":10,"minecraft:open_barrel":3,"minecraft:leave_game":4,"minecraft:time_since_death":23851,"minecraft:sleep_in_bed":1,"minecraft:climb_one_cm":1004,"minecraft:time_since_rest":7044,"minecraft:sprint_one_cm":182598,"minecraft:damage_taken":1510,"minecraft:walk_one_cm":179097,"minecraft:damage_blocked_by_shield":870,"minecraft:drop":19,"minecraft:damage_dealt":2583,"minecraft:damage_dealt_absorbed":121,"minecraft:swim_one_cm":31568,"minecraft:fly_one_cm":290803,"minecraft:open_chest":19,"minecraft:play_time":90765,"minecraft:crouch_one_cm":8682,"tombstone:undead_killed":2,"minecraft:deaths":4,"minecraft:sneak_time":3210,"minecraft:walk_under_water_one_cm":7607,"minecraft:jump":1864,"minecraft:walk_on_water_one_cm":21503,"minecraft:total_world_time":90765,"minecraft:fall_one_cm":42504},"minecraft:killed_by":{"minecraft:vindicator":1,"minecraft:skeleton":2}},"DataVersion":3465}