{"stats":{"minecraft:used":{"minecraft:beetroot":4,"minecraft:stone_sword":129,"minecraft:iron_shovel":92,"minecraft:stone_shovel":132,"minecraft:shield":14,"minecraft:oak_door":8,"minecraft:dirt":2,"minecraft:mutton":11,"minecraft:carrot":14,"alexsmobs:maggot":1,"minecraft:beef":8,"tombstone:gift":2,"minecraft:egg":1,"minecraft:stone_pickaxe":112,"minecraft:oak_planks":18,"minecraft:wooden_pickaxe":14,"minecraft:sandstone":11,"minecraft:white_wool":1,"minecraft:sand":7,"minecraft:crafting_table":9,"minecraft:white_bed":4,"minecraft:oak_log":2,"alexsmobs:flying_fish":1,"minecraft:apple":2,"minecraft:chicken":1,"minecraft:bread":5,"minecraft:iron_pickaxe":43,"tombstone:grave_key":2,"minecraft:stone_axe":96,"minecraft:cobblestone":43,"minecraft:dark_oak_fence":1,"minecraft:oak_boat":3,"minecraft:candle":3},"minecraft:killed":{"minecraft:vindicator":1,"alexsmobs:seagull":1,"minecraft:skeleton":1,"alexsmobs:banana_slug":2,"minecraft:chicken":1,"alexsmobs:bison":1,"alexsmobs:flying_fish":2,"alexsmobs:skunk":1,"minecraft:sheep":7,"minecraft:pillager":3,"minecraft:zombie":1,"alexsmobs:fly":1},"minecraft:crafted":{"minecraft:oak_door":6,"minecraft:oak_planks":136,"minecraft:stone_shovel":1,"minecraft:stone_pickaxe":2,"minecraft:crafting_table":3,"minecraft:wooden_pickaxe":1,"minecraft:stone_axe":1,"minecraft:bread":6,"minecraft:oak_boat":2,"minecraft:shield":2,"minecraft:stick":16,"minecraft:iron_pickaxe":1,"minecraft:stone_sword":1,"minecraft:iron_shovel":1,"minecraft:sandstone":10,"minecraft:white_bed":1},"minecraft:broken":{"minecraft:stone_sword":1,"minecraft:stone_shovel":1},"minecraft:dropped":{"minecraft:candle":1,"iceandfire:pixie_house_mushroom_red":3,"minecraft:wheat_seeds":14,"alexsmobs:banana_slug_slime":3,"minecraft:feather":2,"alexsmobs:bison_fur":2,"minecraft:stick":2,"minecraft:flint":2,"minecraft:cobweb":2,"minecraft:dirt":1,"biomesoplenty:goldenrod":1,"minecraft:torch":2,"minecraft:bone_meal":1,"minecraft:sand":45,"minecraft:bone":4,"minecraft:oak_door":1,"minecraft:stone_axe":1,"minecraft:iron_nugget":10,"minecraft:wheat":1,"minecraft:rotten_flesh":5,"minecraft:carrot":3,"minecraft:shield":1,"minecraft:flower_pot":5,"minecraft:arrow":1,"minecraft:bow":1,"minecraft:wooden_pickaxe":1,"minecraft:stone_pickaxe":4},"minecraft:picked_up":{"minecraft:coarse_dirt":10,"minecraft:crafting_table":6,"iceandfire:pixie_house_oak":1,"minecraft:chicken":1,"minecraft:flower_pot":10,"minecraft:enchanted_book":1,"iceandfire:manuscript":6,"minecraft:string":32,"minecraft:gold_nugget":13,"minecraft:candle":4,"minecraft:beef":8,"minecraft:oak_boat":1,"minecraft:egg":1,"minecraft:sandstone":11,"minecraft:stick":15,"minecraft:raw_iron":3,"iceandfire:ghost_chest":2,"minecraft:oak_door":3,"minecraft:torch":4,"tombstone:grave_dust":1,"minecraft:arrow":3,"minecraft:rotten_flesh":2,"biomesoplenty:jacaranda_log":10,"minecraft:gold_ingot":3,"minecraft:mutton":11,"minecraft:white_wool":12,"alexsmobs:flying_fish":2,"minecraft:cobblestone":108,"minecraft:feather":2,"biomesoplenty:goldenrod":1,"alexsmobs:bison_fur":2,"minecraft:oak_log":36,"iceandfire:ectoplasm":1,"minecraft:dirt":3,"iceandfire:pixie_house_mushroom_red":3,"minecraft:name_tag":1,"minecraft:bone":4,"minecraft:apple":1,"minecraft:bow":1,"minecraft:wheat_seeds":14,"minecraft:iron_ingot":2,"minecraft:stone_pickaxe":3,"minecraft:cobweb":2,"minecraft:oak_planks":2,"iceandfire:pixie_house_birch":1,"minecraft:sand":92,"minecraft:blast_furnace":1,"minecraft:white_bed":4,"minecraft:bone_meal":1,"minecraft:emerald":4,"alexsmobs:banana_slug_slime":6,"alexsmobs:maggot":1,"minecraft:oak_sapling":18,"minecraft:dark_oak_fence":1,"iceandfire:raw_silver":1},"minecraft:mined":{"minecraft:white_bed":4,"iceandfire:silver_ore":1,"minecraft:candle":2,"minecraft:oak_door":2,"iceandfire:pixie_house_birch":1,"minecraft:dark_oak_fence":2,"biomesoplenty:bush":4,"iceandfire:pixie_house_oak":1,"minecraft:deepslate_tile_stairs":2,"minecraft:sandstone":40,"biomesoplenty:dune_grass":80,"minecraft:spawner":2,"minecraft:large_fern":11,"biomesoplenty:jacaranda_log":10,"minecraft:iron_ore":3,"minecraft:pumpkin":1,"biomesoplenty:sea_oats":93,"biomesoplenty:high_grass":73,"minecraft:vine":2,"minecraft:stone":76,"minecraft:white_wool":7,"minecraft:crafting_table":6,"minecraft:torch":1,"minecraft:blast_furnace":1,"minecraft:emerald_ore":1,"iceandfire:ghost_chest":2,"biomesoplenty:high_grass_plant":92,"minecraft:cobblestone":38,"minecraft:tall_grass":4,"biomesoplenty:sprout":3,"biomesoplenty:huge_clover_petal":18,"minecraft:oak_planks":2,"biomesoplenty:goldenrod":1,"minecraft:coarse_dirt":15,"biomesoplenty:pink_daffodil":2,"iceandfire:pixie_house_mushroom_red":3,"minecraft:stone_brick_stairs":1,"minecraft:grass":112,"biomesoplenty:clover":25,"minecraft:oak_log":36,"minecraft:gravel":1,"minecraft:sand":215,"minecraft:dirt":3,"minecraft:cobweb":39,"minecraft:oak_leaves":8,"minecraft:fern":10,"minecraft:suspicious_gravel":1},"minecraft:killed_by":{"minecraft:vindicator":1,"minecraft:skeleton":2,"minecraft:guardian":1},"minecraft:custom":{"minecraft:mob_kills":23,"minecraft:interact_with_crafting_table":16,"minecraft:open_barrel":11,"minecraft:leave_game":4,"minecraft:time_since_death":22847,"minecraft:climb_one_cm":4502,"minecraft:sprint_one_cm":245167,"minecraft:walk_one_cm":220771,"minecraft:damage_blocked_by_shield":990,"minecraft:drop":34,"minecraft:damage_dealt_absorbed":121,"minecraft:play_time":132765,"minecraft:deaths":5,"minecraft:sneak_time":8169,"minecraft:walk_under_water_one_cm":29546,"minecraft:boat_one_cm":245340,"minecraft:jump":2576,"minecraft:walk_on_water_one_cm":35075,"minecraft:total_world_time":132765,"tombstone:raider_killed":4,"minecraft:sleep_in_bed":3,"minecraft:time_since_rest":18786,"minecraft:damage_taken":1913,"minecraft:damage_dealt":3343,"minecraft:swim_one_cm":58525,"minecraft:fly_one_cm":429352,"minecraft:open_chest":29,"minecraft:crouch_one_cm":12897,"tombstone:undead_killed":2,"minecraft:fall_one_cm":61553}},"DataVersion":3465}