{"stats":{"minecraft:custom":{"minecraft:open_barrel":2,"minecraft:open_chest":2,"minecraft:time_since_rest":27365,"minecraft:crouch_one_cm":73,"minecraft:leave_game":4,"minecraft:play_time":27365,"minecraft:sprint_one_cm":1822,"minecraft:time_since_death":27365,"minecraft:walk_one_cm":16446,"minecraft:sneak_time":866,"minecraft:total_world_time":27365,"minecraft:walk_under_water_one_cm":2393,"minecraft:fly_one_cm":188173,"minecraft:jump":51},"minecraft:used":{"minecraft:iron_trapdoor":2}},"DataVersion":3120}