{"stats":{"minecraft:used":{"minecraft:golden_boots":1,"minecraft:wooden_axe":24,"minecraft:wooden_pickaxe":15,"minecraft:golden_helmet":1,"minecraft:crafting_table":2,"tombstone:gift":3,"alexsmobs:animal_dictionary":1,"minecraft:golden_shovel":29,"biomesoplenty:dead_boat":1},"minecraft:crafted":{"biomesoplenty:dead_planks":28,"minecraft:crafting_table":1,"tombstone:grave_key":1,"minecraft:stick":4,"minecraft:wooden_pickaxe":1,"minecraft:wooden_axe":1,"biomesoplenty:dead_boat":1},"minecraft:picked_up":{"minecraft:stick":19,"minecraft:crafting_table":2,"biomesoplenty:dried_salt":4,"iceandfire:ash":6,"biomesoplenty:dead_log":6,"biomesoplenty:wilted_lily":3,"iceandfire:ectoplasm":1,"tombstone:grave_dust":2,"minecraft:dirt":10,"iceandfire:graveyard_soil":2,"minecraft:gold_nugget":62,"biomesoplenty:tiny_cactus":3,"minecraft:sugar_cane":31,"minecraft:iron_bars":1,"minecraft:skeleton_skull":1,"minecraft:cobblestone":2},"minecraft:killed_by":{"iceandfire:ghost":8,"minecraft:skeleton":1,"iceandfire:lightning_dragon":1,"iceandfire:fire_dragon":1},"minecraft:custom":{"minecraft:time_since_rest":2426,"minecraft:sprint_one_cm":60827,"minecraft:damage_taken":2944,"minecraft:walk_one_cm":55874,"minecraft:trigger_trapped_chest":2,"minecraft:mob_kills":4,"minecraft:damage_dealt":1096,"minecraft:talked_to_villager":1,"minecraft:swim_one_cm":52238,"minecraft:interact_with_crafting_table":2,"minecraft:fly_one_cm":270631,"minecraft:open_chest":3,"minecraft:crouch_one_cm":217,"minecraft:play_time":40067,"tombstone:undead_killed":4,"minecraft:deaths":11,"minecraft:sneak_time":152,"minecraft:walk_under_water_one_cm":1827,"minecraft:boat_one_cm":2250,"minecraft:jump":990,"minecraft:leave_game":3,"minecraft:walk_on_water_one_cm":15105,"minecraft:time_since_death":2767,"minecraft:total_world_time":40067,"minecraft:fall_one_cm":24453},"minecraft:mined":{"minecraft:skeleton_skull":1,"iceandfire:graveyard_soil":2,"biomesoplenty:tiny_cactus":3,"iceandfire:ash":6,"minecraft:crafting_table":2,"minecraft:grass":1,"biomesoplenty:dead_log":7,"minecraft:grass_block":4,"iceandfire:gold_pile":5,"minecraft:vine":2,"minecraft:iron_bars":1,"minecraft:dead_bush":22,"minecraft:dirt":7,"minecraft:cobblestone":2,"biomesoplenty:wilted_lily":3,"biomesoplenty:dead_grass":1,"minecraft:sugar_cane":14,"minecraft:fern":1},"minecraft:killed":{"minecraft:zombie":1,"iceandfire:ghost":3}},"DataVersion":3465}