{"stats":{"minecraft:used":{"minecraft:oak_log":2,"minecraft:apple":1,"minecraft:stone_sword":49,"minecraft:stone_pickaxe":11,"minecraft:oak_planks":6,"minecraft:shield":9,"minecraft:wooden_pickaxe":14,"tombstone:grave_key":1,"minecraft:stone_axe":42,"minecraft:white_wool":1,"minecraft:crafting_table":2,"minecraft:dark_oak_fence":1,"tombstone:gift":2},"minecraft:killed":{"minecraft:skeleton":1,"minecraft:zombie":1,"alexsmobs:skunk":1,"alexsmobs:seagull":1},"minecraft:crafted":{"minecraft:oak_planks":84,"minecraft:stone_shovel":1,"minecraft:shield":2,"minecraft:crafting_table":1,"minecraft:stick":12,"minecraft:wooden_pickaxe":1,"minecraft:stone_pickaxe":1,"minecraft:stone_sword":1,"minecraft:stone_axe":1},"minecraft:dropped":{"minecraft:shield":1,"minecraft:feather":1},"minecraft:picked_up":{"minecraft:stick":15,"minecraft:crafting_table":2,"minecraft:feather":2,"minecraft:torch":2,"minecraft:oak_log":36,"tombstone:grave_dust":1,"minecraft:blast_furnace":1,"minecraft:string":17,"minecraft:name_tag":1,"minecraft:arrow":1,"minecraft:bone":2,"minecraft:rotten_flesh":2,"minecraft:apple":1,"minecraft:bow":1,"minecraft:iron_ingot":2,"minecraft:gold_ingot":3,"minecraft:emerald":2,"minecraft:oak_sapling":18,"minecraft:dark_oak_fence":1,"minecraft:white_wool":5,"minecraft:cobblestone":23},"minecraft:mined":{"minecraft:large_fern":4,"minecraft:pumpkin":1,"minecraft:torch":1,"minecraft:crafting_table":2,"minecraft:dark_oak_fence":2,"biomesoplenty:sea_oats":37,"minecraft:grass":4,"minecraft:blast_furnace":1,"minecraft:oak_log":36,"minecraft:cobweb":22,"minecraft:cobblestone":5,"minecraft:stone":18,"minecraft:white_wool":6,"minecraft:oak_leaves":8,"biomesoplenty:dune_grass":55,"minecraft:fern":2,"minecraft:spawner":1},"minecraft:killed_by":{"minecraft:skeleton":2},"minecraft:custom":{"minecraft:time_since_rest":7002,"minecraft:sprint_one_cm":98791,"minecraft:damage_taken":755,"minecraft:walk_one_cm":79857,"minecraft:damage_blocked_by_shield":555,"minecraft:mob_kills":5,"minecraft:drop":2,"minecraft:damage_dealt":973,"minecraft:damage_dealt_absorbed":121,"minecraft:interact_with_crafting_table":5,"minecraft:swim_one_cm":20522,"minecraft:fly_one_cm":123229,"minecraft:open_chest":1,"minecraft:crouch_one_cm":4858,"minecraft:play_time":38744,"tombstone:undead_killed":2,"minecraft:deaths":3,"minecraft:sneak_time":1678,"minecraft:walk_under_water_one_cm":2998,"minecraft:jump":814,"minecraft:leave_game":2,"minecraft:time_since_death":7296,"minecraft:walk_on_water_one_cm":13103,"minecraft:total_world_time":38744,"minecraft:fall_one_cm":18786}},"DataVersion":3465}