{"stats":{"minecraft:mined":{"biomesoplenty:sea_oats":19,"minecraft:grass":1,"biomesoplenty:dune_grass":34},"minecraft:custom":{"minecraft:jump":314,"minecraft:time_since_rest":442,"minecraft:leave_game":1,"minecraft:damage_dealt":40,"minecraft:deaths":1,"minecraft:damage_taken":220,"minecraft:sprint_one_cm":31722,"minecraft:play_time":9916,"minecraft:walk_on_water_one_cm":5496,"minecraft:time_since_death":734,"minecraft:walk_one_cm":22799,"minecraft:sneak_time":23,"minecraft:total_world_time":9916,"minecraft:walk_under_water_one_cm":2199,"minecraft:swim_one_cm":18735,"minecraft:fall_one_cm":9816,"minecraft:fly_one_cm":51557}},"DataVersion":3465}