{"stat.walkOneCm":18544,"stat.leaveGame":1,"stat.pickup.minecraft.crafting_table":1,"stat.pickup.minecraft.stone_pickaxe":1,"stat.pickup.minecraft.log":22,"stat.swimOneCm":2098,"stat.jump":172,"stat.pickup.minecraft.coal":2,"stat.fallOneCm":2208,"stat.pickup.minecraft.beef":29,"stat.pickup.minecraft.furnace":1,"stat.useItem.minecraft.stone_axe":49,"stat.pickup.minecraft.stone":3,"stat.pickup.minecraft.chicken":3,"stat.crouchOneCm":1433,"stat.useItem.minecraft.dirt":22,"stat.pickup.minecraft.dirt":37,"stat.sprintOneCm":10348,"stat.useItem.minecraft.stone_slab2":1,"stat.craftItem.minecraft.stick":4,"stat.craftingTableInteraction":5,"stat.pickup.minecraft.rotten_flesh":2,"stat.pickup.minecraft.stone_shovel":1,"stat.killEntity.Chicken":3,"stat.craftItem.minecraft.stone_axe":1,"stat.damageTaken":145,"stat.mineBlock.minecraft.crafting_table":1,"stat.pickup.minecraft.feather":5,"stat.pickup.minecraft.leather":12,"stat.pickup.minecraft.stone_sword":1,"stat.mineBlock.minecraft.furnace":1,"stat.mobKills":21,"stat.pickup.minecraft.cobblestone":3,"stat.mineBlock.minecraft.log":22,"stat.pickup.minecraft.planks":18,"stat.flyOneCm":22706,"stat.pickup.minecraft.wheat_seeds":2,"stat.pickup.minecraft.egg":2,"stat.playOneMinute":6844,"stat.useItem.minecraft.stone_pickaxe":6,"stat.useItem.minecraft.stone_sword":12,"stat.sneakTime":304,"stat.damageDealt":2081,"stat.killEntity.Zombie":2,"stat.timeSinceDeath":6844,"stat.killEntity.Cow":16,"stat.mineBlock.minecraft.stone":4,"stat.mineBlock.minecraft.tallgrass":5,"stat.diveOneCm":2570}