{"stats":{"minecraft:custom":{"minecraft:open_barrel":2,"minecraft:open_chest":4,"minecraft:time_since_rest":35014,"minecraft:crouch_one_cm":111,"minecraft:leave_game":4,"minecraft:play_time":35014,"minecraft:sprint_one_cm":1822,"minecraft:walk_on_water_one_cm":281,"minecraft:time_since_death":35014,"minecraft:walk_one_cm":31103,"minecraft:sneak_time":981,"minecraft:total_world_time":35014,"minecraft:walk_under_water_one_cm":2431,"minecraft:fly_one_cm":204592,"minecraft:jump":53},"minecraft:used":{"minecraft:iron_trapdoor":2}},"DataVersion":3120}