{"stats":{"minecraft:used":{"minecraft:golden_boots":1,"minecraft:wooden_axe":28,"minecraft:wooden_pickaxe":15,"minecraft:golden_helmet":1,"minecraft:crafting_table":2,"tombstone:gift":3,"alexsmobs:animal_dictionary":1,"minecraft:golden_shovel":29,"biomesoplenty:dead_boat":1},"minecraft:crafted":{"biomesoplenty:dead_planks":28,"minecraft:crafting_table":1,"tombstone:grave_key":1,"minecraft:stick":4,"minecraft:wooden_pickaxe":1,"minecraft:wooden_axe":1,"biomesoplenty:dead_boat":1},"minecraft:picked_up":{"minecraft:stick":19,"minecraft:crafting_table":2,"biomesoplenty:dead_boat":1,"biomesoplenty:dried_salt":4,"iceandfire:fire_lily":1,"iceandfire:ash":6,"biomesoplenty:dead_log":6,"biomesoplenty:wilted_lily":3,"minecraft:sand":4,"iceandfire:ectoplasm":1,"tombstone:grave_dust":2,"minecraft:dirt":10,"iceandfire:graveyard_soil":2,"minecraft:gold_nugget":62,"biomesoplenty:tiny_cactus":3,"minecraft:sugar_cane":31,"minecraft:iron_bars":1,"minecraft:skeleton_skull":1,"minecraft:cobblestone":2},"minecraft:killed_by":{"iceandfire:ghost":8,"iceandfire:deathworm":1,"minecraft:skeleton":1,"iceandfire:lightning_dragon":1,"iceandfire:fire_dragon":1},"minecraft:mined":{"minecraft:skeleton_skull":1,"iceandfire:graveyard_soil":2,"biomesoplenty:tiny_cactus":3,"iceandfire:ash":6,"minecraft:crafting_table":2,"minecraft:grass":1,"biomesoplenty:dead_log":7,"minecraft:grass_block":4,"iceandfire:gold_pile":5,"minecraft:vine":2,"minecraft:dead_bush":22,"minecraft:iron_bars":1,"minecraft:dirt":7,"iceandfire:fire_lily":1,"biomesoplenty:wilted_lily":3,"minecraft:cobblestone":2,"biomesoplenty:dead_grass":1,"minecraft:sugar_cane":14,"minecraft:fern":1},"minecraft:custom":{"minecraft:time_since_rest":97,"minecraft:sprint_one_cm":70410,"minecraft:damage_taken":3393,"minecraft:walk_one_cm":65281,"minecraft:trigger_trapped_chest":2,"minecraft:mob_kills":6,"minecraft:damage_dealt":1370,"minecraft:interact_with_crafting_table":2,"minecraft:swim_one_cm":52304,"minecraft:talked_to_villager":1,"minecraft:fly_one_cm":326959,"minecraft:open_chest":4,"minecraft:crouch_one_cm":217,"minecraft:play_time":49773,"tombstone:undead_killed":4,"minecraft:deaths":12,"minecraft:sneak_time":204,"minecraft:walk_under_water_one_cm":3061,"minecraft:boat_one_cm":65610,"minecraft:jump":1095,"minecraft:leave_game":5,"minecraft:time_since_death":1300,"minecraft:walk_on_water_one_cm":15980,"minecraft:total_world_time":49773,"minecraft:fall_one_cm":29387},"minecraft:killed":{"alexsmobs:guster":2,"minecraft:zombie":1,"iceandfire:ghost":3}},"DataVersion":3465}