{"stats":{"minecraft:used":{"minecraft:beetroot":4,"minecraft:stone_sword":64,"minecraft:stone_pickaxe":14,"minecraft:oak_planks":8,"minecraft:wooden_pickaxe":14,"minecraft:shield":9,"minecraft:white_wool":1,"minecraft:mutton":3,"minecraft:crafting_table":2,"minecraft:carrot":6,"minecraft:oak_log":2,"minecraft:apple":1,"tombstone:grave_key":1,"minecraft:stone_axe":43,"minecraft:cobblestone":7,"minecraft:dark_oak_fence":1,"tombstone:gift":2},"minecraft:killed":{"alexsmobs:skunk":1,"alexsmobs:seagull":1,"minecraft:sheep":2,"minecraft:skeleton":1,"minecraft:zombie":1,"alexsmobs:banana_slug":2,"alexsmobs:flying_fish":1},"minecraft:crafted":{"minecraft:oak_planks":136,"minecraft:stone_shovel":1,"minecraft:crafting_table":1,"minecraft:wooden_pickaxe":1,"minecraft:stone_axe":1,"minecraft:shield":2,"minecraft:stick":12,"minecraft:stone_pickaxe":1,"minecraft:stone_sword":1},"minecraft:dropped":{"minecraft:wheat_seeds":2,"minecraft:feather":2,"minecraft:rotten_flesh":5,"minecraft:shield":1,"minecraft:bow":1,"minecraft:bone":4},"minecraft:picked_up":{"minecraft:crafting_table":2,"minecraft:feather":2,"minecraft:oak_log":36,"iceandfire:ectoplasm":1,"iceandfire:manuscript":6,"minecraft:string":17,"minecraft:name_tag":1,"minecraft:bone":4,"minecraft:apple":1,"minecraft:bow":1,"minecraft:gold_nugget":13,"minecraft:wheat_seeds":2,"minecraft:candle":3,"minecraft:iron_ingot":2,"minecraft:cobweb":2,"minecraft:stick":15,"iceandfire:ghost_chest":1,"minecraft:torch":2,"minecraft:blast_furnace":1,"tombstone:grave_dust":1,"minecraft:arrow":1,"minecraft:rotten_flesh":2,"minecraft:gold_ingot":3,"minecraft:emerald":2,"alexsmobs:banana_slug_slime":3,"minecraft:oak_sapling":18,"minecraft:mutton":4,"minecraft:dark_oak_fence":1,"alexsmobs:flying_fish":1,"minecraft:white_wool":7,"minecraft:cobblestone":23},"minecraft:mined":{"minecraft:candle":1,"minecraft:crafting_table":2,"minecraft:torch":1,"minecraft:dark_oak_fence":2,"minecraft:blast_furnace":1,"iceandfire:ghost_chest":1,"minecraft:cobblestone":5,"minecraft:deepslate_tile_stairs":2,"biomesoplenty:dune_grass":70,"minecraft:spawner":1,"minecraft:large_fern":6,"minecraft:pumpkin":1,"minecraft:stone_brick_stairs":1,"biomesoplenty:sea_oats":66,"minecraft:grass":4,"biomesoplenty:clover":1,"minecraft:oak_log":36,"minecraft:vine":1,"minecraft:cobweb":22,"minecraft:stone":18,"minecraft:white_wool":6,"minecraft:oak_leaves":8,"minecraft:fern":6},"minecraft:killed_by":{"minecraft:skeleton":2},"minecraft:custom":{"minecraft:mob_kills":10,"minecraft:interact_with_crafting_table":5,"minecraft:open_barrel":2,"minecraft:leave_game":2,"minecraft:time_since_death":19296,"minecraft:climb_one_cm":25,"minecraft:time_since_rest":19002,"minecraft:sprint_one_cm":130797,"minecraft:damage_taken":795,"minecraft:walk_one_cm":122157,"minecraft:damage_blocked_by_shield":555,"minecraft:drop":7,"minecraft:damage_dealt":1273,"minecraft:damage_dealt_absorbed":121,"minecraft:swim_one_cm":20522,"minecraft:fly_one_cm":161419,"minecraft:open_chest":9,"minecraft:crouch_one_cm":5135,"minecraft:play_time":50744,"tombstone:undead_killed":2,"minecraft:deaths":3,"minecraft:sneak_time":1775,"minecraft:walk_under_water_one_cm":3604,"minecraft:jump":1096,"minecraft:walk_on_water_one_cm":14187,"minecraft:total_world_time":50744,"minecraft:fall_one_cm":25831}},"DataVersion":3465}