{"stats":{"minecraft:used":{"minecraft:stone_sword":10,"biomesoplenty:redwood_planks":9,"minecraft:stone_shovel":36,"biomesoplenty:redwood_sapling":4,"minecraft:chest":1,"minecraft:wooden_pickaxe":41,"minecraft:leather_chestplate":1,"minecraft:shield":21,"minecraft:iron_sword":51,"minecraft:leather_boots":1,"minecraft:iron_chestplate":1,"minecraft:crafting_table":7,"minecraft:wooden_axe":23,"minecraft:suspicious_stew":3,"minecraft:bread":2,"minecraft:iron_pickaxe":1,"iceandfire:graveyard_soil":1,"minecraft:iron_helmet":1,"biomesoplenty:redwood_boat":2,"minecraft:stone_axe":174,"minecraft:cobblestone":6,"minecraft:oak_sapling":1,"tombstone:gift":4,"minecraft:oak_boat":1,"alexsmobs:animal_dictionary":1,"minecraft:egg":1,"minecraft:wither_rose":2,"minecraft:coarse_dirt":1,"minecraft:cobbled_deepslate":9},"minecraft:crafted":{"minecraft:oak_planks":16,"minecraft:stone_shovel":1,"minecraft:crafting_table":4,"biomesoplenty:redwood_planks":44,"minecraft:wooden_pickaxe":2,"minecraft:iron_helmet":1,"minecraft:stone_axe":3,"minecraft:oak_boat":1,"biomesoplenty:redwood_boat":1,"minecraft:iron_chestplate":1,"minecraft:shield":1,"minecraft:stick":24,"minecraft:iron_pickaxe":1,"minecraft:iron_ingot":1,"minecraft:stone_pickaxe":2,"minecraft:wooden_axe":1,"minecraft:stone_sword":1},"minecraft:picked_up":{"biomesoplenty:redwood_log":2,"minecraft:crafting_table":5,"minecraft:coarse_dirt":1,"minecraft:leather_chestplate":1,"minecraft:chicken":1,"biomesoplenty:stripped_redwood_wood":1,"minecraft:wither_rose":2,"minecraft:gold_block":1,"minecraft:enchanted_book":1,"minecraft:flint":1,"minecraft:oak_log":4,"tombstone:grave_key":1,"minecraft:bone":3,"iceandfire:graveyard_soil":1,"minecraft:cobbled_deepslate":18,"biomesoplenty:redwood_wood":138,"minecraft:iron_sword":2,"minecraft:stick":7,"minecraft:pumpkin":7,"biomesoplenty:redwood_boat":1,"minecraft:gravel":3,"minecraft:sand":20,"tombstone:grave_dust":5,"biomesoplenty:redwood_planks":6,"minecraft:arrow":1,"minecraft:rotten_flesh":1,"minecraft:bread":3,"biomesoplenty:redwood_sapling":8,"minecraft:oak_sapling":1,"alexsmobs:flying_fish":2,"minecraft:white_wool":3,"minecraft:cobblestone":42},"minecraft:killed_by":{"minecraft:skeleton":1,"minecraft:creeper":2,"iceandfire:siren":3,"minecraft:zombie":2,"iceandfire:ghost":2,"alexsmobs:bison":1,"minecraft:drowned":1},"minecraft:custom":{"minecraft:mob_kills":17,"minecraft:interact_with_crafting_table":16,"minecraft:open_barrel":12,"minecraft:damage_dealt_resisted":433,"minecraft:leave_game":1,"minecraft:time_since_death":18313,"minecraft:climb_one_cm":1409,"minecraft:time_since_rest":18106,"minecraft:damage_taken":4388,"minecraft:sprint_one_cm":89117,"minecraft:damage_blocked_by_shield":795,"minecraft:walk_one_cm":145569,"tombstone:sneak_grave":8,"minecraft:drop":11,"minecraft:damage_dealt":4772,"minecraft:swim_one_cm":144378,"minecraft:fly_one_cm":107591,"minecraft:open_chest":11,"minecraft:play_time":82258,"minecraft:sneak_time":2178,"tombstone:undead_killed":12,"minecraft:deaths":15,"minecraft:walk_under_water_one_cm":35142,"minecraft:boat_one_cm":270606,"minecraft:jump":830,"minecraft:walk_on_water_one_cm":64098,"minecraft:total_world_time":82258,"minecraft:fall_one_cm":14901},"minecraft:mined":{"biomesoplenty:redwood_planks":6,"iceandfire:graveyard_soil":1,"minecraft:crafting_table":4,"minecraft:cobblestone":18,"minecraft:kelp":2,"biomesoplenty:dune_grass":10,"minecraft:coarse_dirt":1,"minecraft:pumpkin":7,"minecraft:wither_rose":2,"minecraft:gold_block":1,"biomesoplenty:sea_oats":28,"minecraft:grass":3,"minecraft:oak_log":4,"biomesoplenty:redwood_log":2,"biomesoplenty:redwood_leaves":3,"minecraft:gravel":5,"minecraft:sand":30,"biomesoplenty:stripped_redwood_wood":1,"minecraft:stone":23,"minecraft:white_wool":3,"biomesoplenty:redwood_wood":141,"minecraft:oak_leaves":4,"minecraft:fern":5,"minecraft:suspicious_gravel":1},"minecraft:dropped":{"minecraft:iron_sword":2,"minecraft:bowl":1,"minecraft:crafting_table":1,"minecraft:filled_map":1,"minecraft:leather_chestplate":2,"tombstone:grave_key":3,"alexsmobs:flying_fish":1},"minecraft:broken":{"minecraft:stone_axe":1},"minecraft:killed":{"alexsmobs:seal":2,"minecraft:spider":1,"minecraft:skeleton":2,"minecraft:zombie":4,"iceandfire:ghost":5,"minecraft:chicken":1,"minecraft:drowned":1,"alexsmobs:flying_fish":1}},"DataVersion":3465}