{"stats":{"minecraft:used":{"minecraft:oak_sapling":1,"alexsmobs:animal_dictionary":1},"minecraft:crafted":{"minecraft:crafting_table":1,"biomesoplenty:redwood_planks":4},"minecraft:picked_up":{"minecraft:crafting_table":1,"minecraft:oak_log":4,"minecraft:oak_sapling":1,"biomesoplenty:redwood_wood":1,"minecraft:white_wool":3},"minecraft:dropped":{"minecraft:crafting_table":1},"minecraft:mined":{"biomesoplenty:sea_oats":9,"minecraft:oak_log":4,"minecraft:white_wool":3,"biomesoplenty:redwood_wood":1,"minecraft:oak_leaves":4,"biomesoplenty:dune_grass":4},"minecraft:custom":{"minecraft:time_since_rest":4908,"minecraft:play_time":4908,"minecraft:sprint_one_cm":1065,"minecraft:damage_taken":10,"minecraft:walk_one_cm":25691,"minecraft:walk_under_water_one_cm":100,"minecraft:drop":1,"minecraft:jump":42,"minecraft:walk_on_water_one_cm":1191,"minecraft:time_since_death":4908,"minecraft:total_world_time":4908,"minecraft:swim_one_cm":5330,"minecraft:fall_one_cm":335,"minecraft:fly_one_cm":818}},"DataVersion":3465}