{"stats":{"minecraft:used":{"minecraft:stone_sword":10,"minecraft:stone_shovel":36,"minecraft:suspicious_stew":2,"iceandfire:graveyard_soil":1,"minecraft:leather_chestplate":1,"minecraft:wooden_pickaxe":25,"minecraft:leather_boots":1,"minecraft:stone_axe":24,"minecraft:crafting_table":3,"minecraft:oak_sapling":1,"minecraft:wither_rose":2,"tombstone:gift":2,"minecraft:egg":1,"minecraft:oak_boat":1,"alexsmobs:animal_dictionary":1,"minecraft:coarse_dirt":1},"minecraft:crafted":{"minecraft:oak_boat":1,"minecraft:oak_planks":16,"minecraft:stone_shovel":1,"minecraft:crafting_table":1,"minecraft:stick":16,"biomesoplenty:redwood_planks":4,"minecraft:wooden_pickaxe":1,"minecraft:stone_pickaxe":1,"minecraft:stone_sword":1,"minecraft:stone_axe":1},"minecraft:picked_up":{"minecraft:coarse_dirt":1,"minecraft:crafting_table":4,"minecraft:chicken":1,"minecraft:pumpkin":7,"minecraft:wither_rose":2,"minecraft:gravel":3,"minecraft:enchanted_book":1,"minecraft:flint":1,"minecraft:sand":20,"minecraft:oak_log":4,"minecraft:rotten_flesh":1,"iceandfire:graveyard_soil":1,"minecraft:bread":3,"biomesoplenty:redwood_wood":1,"minecraft:oak_sapling":1,"alexsmobs:flying_fish":2,"minecraft:white_wool":3,"minecraft:cobblestone":25},"minecraft:killed_by":{"alexsmobs:bison":1,"minecraft:drowned":1},"minecraft:mined":{"minecraft:coarse_dirt":1,"iceandfire:graveyard_soil":1,"minecraft:pumpkin":7,"minecraft:wither_rose":2,"minecraft:crafting_table":3,"biomesoplenty:sea_oats":9,"minecraft:oak_log":4,"minecraft:gravel":5,"minecraft:sand":30,"minecraft:cobblestone":7,"minecraft:stone":18,"minecraft:white_wool":3,"biomesoplenty:redwood_wood":1,"minecraft:oak_leaves":4,"biomesoplenty:dune_grass":4,"minecraft:suspicious_gravel":1},"minecraft:custom":{"minecraft:time_since_rest":9341,"minecraft:sprint_one_cm":21616,"minecraft:damage_taken":960,"minecraft:walk_one_cm":68642,"minecraft:mob_kills":5,"minecraft:drop":3,"minecraft:damage_dealt":1396,"minecraft:interact_with_crafting_table":4,"minecraft:swim_one_cm":83617,"minecraft:fly_one_cm":24600,"minecraft:open_barrel":11,"minecraft:open_chest":8,"minecraft:play_time":28908,"tombstone:undead_killed":1,"minecraft:deaths":3,"minecraft:sneak_time":1720,"minecraft:walk_under_water_one_cm":16156,"minecraft:boat_one_cm":100901,"minecraft:damage_dealt_resisted":433,"minecraft:jump":239,"minecraft:time_since_death":9662,"minecraft:walk_on_water_one_cm":22126,"minecraft:climb_one_cm":843,"minecraft:total_world_time":28908,"minecraft:fall_one_cm":4433},"minecraft:dropped":{"minecraft:filled_map":1,"minecraft:crafting_table":1,"alexsmobs:flying_fish":1},"minecraft:killed":{"minecraft:chicken":1,"alexsmobs:seal":2,"minecraft:drowned":1,"alexsmobs:flying_fish":1}},"DataVersion":3465}