{"stats":{"minecraft:mined":{"minecraft:acacia_leaves":2,"biomesoplenty:orange_sand":2,"biomesoplenty:wildflower":4,"alexsmobs:leafcutter_anthill":1,"minecraft:crafting_table":1,"minecraft:red_sand":1,"minecraft:acacia_log":5,"minecraft:melon":2,"minecraft:jungle_log":1,"minecraft:dead_bush":2,"minecraft:cobblestone":2,"biomesoplenty:dune_grass":17,"minecraft:wall_torch":4,"biomesoplenty:palm_log":2,"minecraft:spawner":3,"biomesoplenty:huge_lily_pad":2,"minecraft:smooth_stone_slab":1,"minecraft:grass":3,"minecraft:stripped_jungle_log":1,"minecraft:fern":21},"minecraft:picked_up":{"minecraft:crafting_table":1,"minecraft:jungle_log":1,"biomesoplenty:huge_lily_pad":2,"minecraft:jungle_trapdoor":3,"minecraft:lantern":1,"minecraft:smooth_stone_slab":1,"minecraft:wheat_seeds":6,"minecraft:red_sand":1,"alexsmobs:cockroach_wing_fragment":2,"minecraft:cobblestone_slab":1,"biomesoplenty:wildflower":8,"minecraft:melon_slice":14,"minecraft:stick":1,"minecraft:torch":3,"minecraft:acacia_log":5,"tombstone:grave_dust":7,"minecraft:carrot":1,"minecraft:stripped_jungle_log":1,"minecraft:bundle":1,"minecraft:rotten_flesh":15,"biomesoplenty:palm_log":2,"biomesoplenty:orange_sand":2,"minecraft:cobblestone":3},"minecraft:crafted":{"minecraft:crafting_table":1,"minecraft:iron_sword":1,"minecraft:jungle_planks":8,"minecraft:iron_boots":1,"minecraft:stick":8,"minecraft:iron_pickaxe":1,"minecraft:iron_shovel":1,"minecraft:iron_leggings":1,"minecraft:acacia_planks":20,"minecraft:torch":16},"minecraft:used":{"minecraft:red_sand":1,"minecraft:iron_sword":54,"minecraft:cobblestone_slab":1,"minecraft:torch":10,"minecraft:crafting_table":1,"biomesoplenty:palm_log":2,"biomesoplenty:wildflower":8,"minecraft:iron_axe":1,"minecraft:bread":10,"minecraft:lantern":1,"minecraft:melon_slice":6,"minecraft:iron_pickaxe":9,"minecraft:iron_helmet":1,"biomesoplenty:orange_sand":2,"minecraft:iron_boots":1,"minecraft:cobblestone":1,"tombstone:gift":2,"minecraft:smooth_stone_slab":1,"alexsmobs:animal_dictionary":2,"minecraft:acacia_planks":20},"minecraft:killed_by":{"minecraft:zombie":1,"alexsmobs:kangaroo":1,"alexsmobs:leafcutter_ant":1,"alexsmobs:capuchin_monkey":1},"minecraft:killed":{"alexsmobs:cockroach":2,"minecraft:zombie":10},"minecraft:dropped":{"minecraft:wheat_seeds":6,"minecraft:jungle_trapdoor":3,"tombstone:grave_dust":1},"minecraft:custom":{"minecraft:mob_kills":12,"minecraft:interact_with_crafting_table":4,"minecraft:open_barrel":5,"minecraft:damage_dealt_resisted":27,"minecraft:leave_game":1,"minecraft:time_since_death":9948,"minecraft:climb_one_cm":1820,"minecraft:time_since_rest":7549,"minecraft:sprint_one_cm":225527,"minecraft:damage_taken":1544,"minecraft:walk_one_cm":99844,"minecraft:drop":5,"minecraft:damage_dealt":2747,"minecraft:swim_one_cm":163678,"minecraft:fly_one_cm":231352,"minecraft:open_chest":24,"minecraft:play_time":51007,"tombstone:undead_killed":10,"minecraft:deaths":4,"minecraft:sneak_time":111,"minecraft:walk_under_water_one_cm":7024,"minecraft:jump":1045,"minecraft:walk_on_water_one_cm":41248,"minecraft:total_world_time":51007,"minecraft:fall_one_cm":19422}},"DataVersion":3465}