{"stats":{"minecraft:used":{"minecraft:stone_sword":10,"minecraft:stone_shovel":36,"minecraft:chest":1,"minecraft:shield":19,"minecraft:wooden_pickaxe":25,"minecraft:leather_chestplate":1,"minecraft:iron_sword":47,"minecraft:leather_boots":1,"minecraft:iron_chestplate":1,"minecraft:crafting_table":4,"minecraft:bread":2,"minecraft:suspicious_stew":3,"iceandfire:graveyard_soil":1,"minecraft:iron_helmet":1,"minecraft:stone_axe":27,"minecraft:oak_sapling":1,"tombstone:gift":3,"alexsmobs:animal_dictionary":1,"minecraft:oak_boat":1,"minecraft:wither_rose":2,"minecraft:egg":1,"minecraft:coarse_dirt":1},"minecraft:crafted":{"minecraft:oak_planks":16,"minecraft:stone_shovel":1,"minecraft:crafting_table":1,"biomesoplenty:redwood_planks":16,"minecraft:wooden_pickaxe":1,"minecraft:iron_helmet":1,"minecraft:stone_axe":1,"minecraft:oak_boat":1,"minecraft:iron_chestplate":1,"minecraft:shield":1,"minecraft:stick":16,"minecraft:iron_ingot":1,"minecraft:iron_pickaxe":1,"minecraft:stone_pickaxe":1,"minecraft:stone_sword":1},"minecraft:picked_up":{"biomesoplenty:redwood_log":2,"minecraft:crafting_table":4,"minecraft:coarse_dirt":1,"minecraft:leather_chestplate":1,"minecraft:chicken":1,"minecraft:wither_rose":2,"minecraft:enchanted_book":1,"minecraft:flint":1,"minecraft:oak_log":4,"minecraft:bone":3,"iceandfire:graveyard_soil":1,"biomesoplenty:redwood_wood":2,"minecraft:iron_sword":1,"minecraft:pumpkin":7,"minecraft:gravel":3,"minecraft:sand":20,"tombstone:grave_dust":3,"minecraft:arrow":1,"minecraft:rotten_flesh":1,"minecraft:bread":3,"minecraft:oak_sapling":1,"minecraft:white_wool":3,"alexsmobs:flying_fish":2,"minecraft:cobblestone":27},"minecraft:killed_by":{"minecraft:skeleton":1,"minecraft:creeper":1,"minecraft:zombie":2,"iceandfire:ghost":1,"alexsmobs:bison":1,"minecraft:drowned":1},"minecraft:custom":{"minecraft:mob_kills":11,"minecraft:interact_with_crafting_table":9,"minecraft:open_barrel":12,"minecraft:damage_dealt_resisted":433,"minecraft:time_since_death":766,"minecraft:climb_one_cm":1409,"minecraft:time_since_rest":542,"minecraft:sprint_one_cm":51778,"tombstone:sneak_grave":8,"minecraft:damage_taken":2444,"minecraft:walk_one_cm":109014,"minecraft:damage_blocked_by_shield":615,"minecraft:drop":7,"minecraft:damage_dealt":3306,"minecraft:swim_one_cm":91323,"minecraft:fly_one_cm":50895,"minecraft:open_chest":10,"minecraft:play_time":40908,"tombstone:undead_killed":7,"minecraft:deaths":8,"minecraft:sneak_time":1842,"minecraft:walk_under_water_one_cm":18326,"minecraft:boat_one_cm":100901,"minecraft:jump":429,"minecraft:walk_on_water_one_cm":30310,"minecraft:total_world_time":40908,"minecraft:fall_one_cm":7734},"minecraft:mined":{"iceandfire:graveyard_soil":1,"minecraft:crafting_table":3,"minecraft:cobblestone":7,"biomesoplenty:dune_grass":10,"minecraft:coarse_dirt":1,"minecraft:pumpkin":7,"minecraft:wither_rose":2,"biomesoplenty:sea_oats":25,"minecraft:grass":3,"minecraft:oak_log":4,"biomesoplenty:redwood_log":2,"minecraft:gravel":5,"minecraft:sand":30,"minecraft:stone":18,"minecraft:white_wool":3,"biomesoplenty:redwood_wood":2,"minecraft:oak_leaves":4,"minecraft:fern":5,"minecraft:suspicious_gravel":1},"minecraft:dropped":{"minecraft:iron_sword":1,"minecraft:bowl":1,"minecraft:crafting_table":1,"minecraft:filled_map":1,"minecraft:leather_chestplate":2,"alexsmobs:flying_fish":1},"minecraft:killed":{"alexsmobs:seal":2,"minecraft:skeleton":2,"minecraft:zombie":2,"iceandfire:ghost":2,"minecraft:chicken":1,"minecraft:drowned":1,"alexsmobs:flying_fish":1}},"DataVersion":3465}