{"stats":{"minecraft:used":{"minecraft:stone_sword":5,"minecraft:stone_shovel":7,"minecraft:wooden_pickaxe":25,"minecraft:stone_axe":6,"minecraft:crafting_table":3,"minecraft:oak_sapling":1,"minecraft:oak_boat":1,"alexsmobs:animal_dictionary":1},"minecraft:crafted":{"minecraft:oak_boat":1,"minecraft:oak_planks":16,"minecraft:stone_shovel":1,"minecraft:crafting_table":1,"minecraft:stick":16,"biomesoplenty:redwood_planks":4,"minecraft:wooden_pickaxe":1,"minecraft:stone_pickaxe":1,"minecraft:stone_sword":1,"minecraft:stone_axe":1},"minecraft:picked_up":{"minecraft:crafting_table":4,"minecraft:gravel":3,"minecraft:flint":1,"minecraft:sand":1,"minecraft:oak_log":4,"minecraft:rotten_flesh":1,"biomesoplenty:redwood_wood":1,"minecraft:oak_sapling":1,"minecraft:white_wool":3,"minecraft:cobblestone":25},"minecraft:mined":{"minecraft:crafting_table":3,"biomesoplenty:sea_oats":9,"minecraft:oak_log":4,"minecraft:gravel":5,"minecraft:sand":1,"minecraft:cobblestone":7,"minecraft:stone":18,"minecraft:white_wool":3,"biomesoplenty:redwood_wood":1,"minecraft:oak_leaves":4,"biomesoplenty:dune_grass":4,"minecraft:suspicious_gravel":1},"minecraft:killed_by":{"alexsmobs:bison":1},"minecraft:custom":{"minecraft:time_since_rest":5563,"minecraft:sprint_one_cm":6906,"minecraft:damage_taken":500,"minecraft:walk_one_cm":47912,"minecraft:mob_kills":3,"minecraft:drop":2,"minecraft:damage_dealt":687,"minecraft:interact_with_crafting_table":4,"minecraft:swim_one_cm":42470,"minecraft:fly_one_cm":13249,"minecraft:open_chest":4,"minecraft:play_time":16908,"tombstone:undead_killed":1,"minecraft:deaths":1,"minecraft:sneak_time":1343,"minecraft:walk_under_water_one_cm":6952,"minecraft:boat_one_cm":68816,"minecraft:jump":143,"minecraft:time_since_death":6342,"minecraft:walk_on_water_one_cm":7480,"minecraft:total_world_time":16908,"minecraft:fall_one_cm":2029},"minecraft:dropped":{"minecraft:filled_map":1,"minecraft:crafting_table":1},"minecraft:killed":{"alexsmobs:seal":2,"minecraft:drowned":1}},"DataVersion":3465}