{"stats":{"minecraft:mined":{"minecraft:skeleton_skull":1,"biomesoplenty:sea_oats":5,"biomesoplenty:redwood_log":4,"minecraft:vine":1,"minecraft:fern":5},"minecraft:picked_up":{"biomesoplenty:redwood_log":4,"minecraft:skeleton_skull":1},"minecraft:used":{"alexsmobs:animal_dictionary":1},"minecraft:killed_by":{"iceandfire:ghost":1},"minecraft:custom":{"minecraft:time_since_rest":1,"minecraft:crouch_one_cm":99,"minecraft:play_time":11422,"minecraft:sprint_one_cm":9872,"minecraft:deaths":1,"minecraft:damage_taken":225,"minecraft:walk_one_cm":43903,"minecraft:sneak_time":39,"minecraft:trigger_trapped_chest":4,"minecraft:walk_under_water_one_cm":669,"minecraft:jump":133,"minecraft:damage_dealt":10,"minecraft:leave_game":5,"minecraft:time_since_death":362,"minecraft:walk_on_water_one_cm":719,"minecraft:total_world_time":11422,"minecraft:fly_one_cm":19349,"minecraft:swim_one_cm":2631,"minecraft:fall_one_cm":1939}},"DataVersion":3465}