{"stats":{"minecraft:used":{"minecraft:moss_block":3},"minecraft:mined":{"biomesoplenty:sea_oats":2,"minecraft:grass":1,"minecraft:moss_block":3,"minecraft:fern":1,"minecraft:dirt":4},"minecraft:picked_up":{"minecraft:moss_block":3,"minecraft:dirt":4},"minecraft:custom":{"minecraft:jump":53,"minecraft:time_since_rest":10603,"minecraft:walk_on_water_one_cm":1698,"minecraft:sprint_one_cm":8751,"minecraft:leave_game":1,"minecraft:play_time":10603,"minecraft:damage_taken":140,"minecraft:time_since_death":10603,"minecraft:walk_one_cm":14752,"minecraft:total_world_time":10603,"minecraft:walk_under_water_one_cm":3723,"minecraft:fall_one_cm":627,"minecraft:fly_one_cm":4598}},"DataVersion":3465}