{"stats":{"minecraft:picked_up":{"minecraft:iron_chestplate":1,"minecraft:wheat":6,"minecraft:suspicious_stew":1,"minecraft:diamond_sword":1,"minecraft:amethyst_block":4,"minecraft:music_disc_cat":2,"minecraft:string":121,"minecraft:raw_copper":33,"minecraft:iron_leggings":3,"minecraft:diamond_leggings":3,"minecraft:gold_nugget":10,"minecraft:cobbled_deepslate":183,"minecraft:bucket":2,"minecraft:light_weighted_pressure_plate":1,"minecraft:azalea":22,"minecraft:iron_pickaxe":4,"minecraft:melon_slice":51,"minecraft:furnace":5,"minecraft:iron_boots":1,"minecraft:stick":18,"minecraft:jukebox":7,"minecraft:composter":2,"minecraft:big_dripleaf":2,"minecraft:oak_fence":1,"minecraft:torch":7,"minecraft:bamboo_slab":66,"minecraft:porkchop":32,"minecraft:golden_axe":1,"minecraft:bamboo_block":1,"minecraft:rotten_flesh":33,"minecraft:tropical_fish":2,"minecraft:cobblestone":41,"minecraft:repeater":2,"minecraft:jungle_log":125,"minecraft:andesite":2,"minecraft:golden_leggings":1,"minecraft:potato":162,"minecraft:flint":2,"minecraft:tuff":14,"minecraft:dirt":250,"minecraft:lapis_lazuli":42,"minecraft:name_tag":2,"minecraft:bone":22,"minecraft:bow":1,"minecraft:wheat_seeds":33,"minecraft:raw_gold":31,"minecraft:diamond_helmet":3,"minecraft:bamboo":949,"minecraft:moss_block":35,"minecraft:oak_planks":129,"minecraft:music_disc_13":3,"minecraft:axolotl_bucket":2,"minecraft:poisonous_potato":1,"minecraft:mossy_cobblestone":2,"minecraft:dispenser":1,"minecraft:diamond":82,"minecraft:golden_apple":2,"minecraft:rooted_dirt":51,"minecraft:oak_sapling":2,"minecraft:netherrack":19,"minecraft:diamond_pickaxe":1,"minecraft:cocoa_beans":11,"minecraft:crafting_table":7,"minecraft:chicken":1,"minecraft:clay_ball":131,"minecraft:shield":2,"minecraft:moss_carpet":3,"minecraft:iron_axe":1,"minecraft:iron_shovel":1,"minecraft:cartography_table":2,"minecraft:music_disc_otherside":12,"minecraft:oak_boat":1,"minecraft:jungle_sapling":9,"minecraft:lectern":2,"minecraft:sugar_cane":34,"minecraft:chest":2,"minecraft:raw_iron":97,"minecraft:carrot":4,"minecraft:redstone":3,"minecraft:arrow":27,"minecraft:diamond_chestplate":3,"minecraft:diamond_boots":2,"minecraft:gold_ingot":27,"minecraft:glow_berries":71,"minecraft:mutton":7,"minecraft:white_wool":5,"minecraft:rail":2,"minecraft:glow_ink_sac":16,"minecraft:leather":3,"minecraft:oak_log":31,"minecraft:ancient_debris":1,"minecraft:golden_boots":1,"minecraft:yellow_bed":5,"minecraft:spore_blossom":4,"minecraft:heart_of_the_sea":1,"minecraft:iron_ingot":89,"minecraft:flowering_azalea":36,"minecraft:iron_sword":2,"minecraft:book":3,"minecraft:bamboo_planks":7,"minecraft:pumpkin":2,"minecraft:chiseled_stone_bricks":2,"minecraft:dandelion":4,"minecraft:gravel":35,"minecraft:amethyst_shard":16,"minecraft:blast_furnace":1,"minecraft:white_bed":15,"minecraft:crying_obsidian":4,"minecraft:spider_eye":3,"minecraft:iron_helmet":1,"minecraft:diamond_axe":1,"minecraft:gray_wool":2,"minecraft:baked_potato":20,"minecraft:coal":47},"minecraft:killed_by":{"minecraft:skeleton":1},"minecraft:custom":{"minecraft:interact_with_crafting_table":41,"minecraft:leave_game":7,"minecraft:time_since_death":50451,"minecraft:sprint_one_cm":882403,"minecraft:damage_blocked_by_shield":892,"minecraft:drop":134,"minecraft:talked_to_villager":4,"minecraft:play_time":317050,"minecraft:deaths":2,"minecraft:jump":5074,"minecraft:walk_on_water_one_cm":88581,"minecraft:enchant_item":1,"minecraft:interact_with_furnace":44,"minecraft:play_record":18,"minecraft:sleep_in_bed":12,"minecraft:damage_dealt":14506,"minecraft:crouch_one_cm":11219,"minecraft:interact_with_smoker":3,"minecraft:horse_one_cm":119275,"minecraft:mob_kills":82,"minecraft:climb_one_cm":15192,"minecraft:walk_one_cm":1213723,"minecraft:damage_dealt_absorbed":18,"minecraft:sneak_time":5097,"minecraft:walk_under_water_one_cm":106643,"minecraft:boat_one_cm":145904,"minecraft:interact_with_blast_furnace":8,"minecraft:total_world_time":317050,"minecraft:time_since_rest":26,"minecraft:damage_taken":3311,"minecraft:damage_absorbed":41,"minecraft:swim_one_cm":117676,"minecraft:fly_one_cm":766557,"minecraft:open_chest":115,"minecraft:fall_one_cm":99117},"minecraft:mined":{"minecraft:white_bed":15,"minecraft:jungle_leaves":39,"minecraft:cave_vines_plant":1,"minecraft:budding_amethyst":1,"minecraft:grass_block":128,"minecraft:jungle_log":123,"minecraft:bamboo_block":1,"minecraft:composter":2,"minecraft:chiseled_stone_bricks":1,"minecraft:spawner":7,"minecraft:cobbled_deepslate":8,"minecraft:iron_ore":4,"minecraft:sticky_piston":3,"minecraft:fire":4,"minecraft:pumpkin":1,"minecraft:deepslate_lapis_ore":5,"minecraft:cave_vines":4,"minecraft:flowering_azalea_leaves":3,"minecraft:azalea_leaves":4,"minecraft:azalea":19,"minecraft:tripwire":2,"minecraft:amethyst_cluster":4,"minecraft:clay":3,"minecraft:torch":4,"minecraft:blast_furnace":1,"minecraft:melon":11,"minecraft:chest":1,"minecraft:cobblestone":1,"minecraft:sugar_cane":14,"minecraft:oak_planks":87,"minecraft:wall_torch":3,"minecraft:amethyst_block":4,"minecraft:deepslate_copper_ore":4,"minecraft:seagrass":2,"minecraft:bamboo_planks":7,"minecraft:jukebox":5,"minecraft:oak_log":31,"minecraft:dirt":93,"minecraft:dispenser":1,"minecraft:netherrack":15,"minecraft:oak_leaves":11,"minecraft:deepslate":48,"minecraft:tuff":2,"minecraft:mossy_cobblestone":2,"minecraft:deepslate_diamond_ore":46,"minecraft:redstone_wire":2,"minecraft:cartography_table":1,"minecraft:moss_block":9,"minecraft:rooted_dirt":51,"minecraft:furnace":5,"minecraft:andesite":1,"minecraft:bookshelf":1,"minecraft:potatoes":52,"minecraft:vine":1,"minecraft:deepslate_iron_ore":89,"minecraft:bamboo_sapling":2,"minecraft:bamboo":236,"minecraft:stone":20,"minecraft:flowering_azalea":19,"minecraft:dandelion":4,"minecraft:oak_fence":1,"minecraft:crafting_table":6,"minecraft:short_grass":124,"minecraft:lectern":1,"minecraft:copper_ore":5,"minecraft:tall_grass":8,"minecraft:deepslate_gold_ore":33,"minecraft:big_dripleaf":1,"minecraft:yellow_bed":5,"minecraft:coal_ore":29,"minecraft:cocoa":7,"minecraft:gravel":10,"minecraft:cobweb":73,"minecraft:fern":16},"minecraft:crafted":{"minecraft:oak_planks":124,"minecraft:bamboo_block":82,"minecraft:diamond_helmet":1,"minecraft:diamond_leggings":1,"minecraft:iron_boots":1,"minecraft:chest":1,"minecraft:crafting_table":4,"minecraft:wooden_pickaxe":1,"minecraft:baked_potato":43,"minecraft:iron_helmet":1,"minecraft:bamboo_planks":164,"minecraft:iron_chestplate":1,"minecraft:shield":1,"minecraft:stick":60,"minecraft:iron_ingot":85,"minecraft:iron_pickaxe":1,"minecraft:stone_sword":1,"minecraft:gold_ingot":41,"minecraft:wooden_sword":1,"minecraft:jukebox":1,"minecraft:furnace":2,"minecraft:bone_meal":183,"minecraft:iron_axe":2,"minecraft:iron_hoe":1,"minecraft:stone_pickaxe":1,"minecraft:diamond_boots":1,"minecraft:iron_sword":3,"minecraft:bucket":3,"minecraft:stone_axe":1,"minecraft:bread":2,"minecraft:air":0,"minecraft:jungle_planks":8,"minecraft:bamboo_slab":246,"minecraft:oak_chest_boat":1,"minecraft:white_wool":3,"minecraft:wooden_axe":1,"minecraft:iron_shovel":2,"minecraft:iron_leggings":1,"minecraft:white_bed":1,"minecraft:torch":128,"minecraft:diamond_chestplate":1},"minecraft:broken":{"minecraft:stone_axe":1,"minecraft:iron_sword":2,"minecraft:stone_sword":1,"minecraft:iron_axe":1,"minecraft:iron_pickaxe":1},"minecraft:used":{"minecraft:moss_block":16,"minecraft:iron_shovel":229,"minecraft:chest":1,"minecraft:shield":18,"minecraft:iron_sword":382,"minecraft:rotten_flesh":29,"minecraft:tuff":1,"minecraft:axolotl_bucket":5,"minecraft:jungle_sapling":4,"minecraft:lava_bucket":1,"minecraft:bow":6,"minecraft:furnace":6,"minecraft:potato":119,"minecraft:oak_chest_boat":1,"minecraft:golden_boots":1,"minecraft:diamond_boots":1,"minecraft:stone_pickaxe":69,"minecraft:oak_planks":14,"minecraft:wooden_pickaxe":1,"minecraft:sugar_cane":17,"minecraft:golden_apple":1,"minecraft:glow_berries":88,"minecraft:blast_furnace":1,"minecraft:melon_slice":33,"minecraft:bread":17,"minecraft:gravel":11,"minecraft:andesite":1,"minecraft:tropical_fish_bucket":1,"minecraft:bone_meal":183,"minecraft:stone_sword":86,"minecraft:netherrack":5,"minecraft:torch":140,"minecraft:dirt":130,"minecraft:diamond_helmet":1,"minecraft:iron_hoe":9,"minecraft:wooden_axe":1,"minecraft:iron_axe":266,"minecraft:rooted_dirt":33,"minecraft:iron_boots":1,"minecraft:bamboo":72,"minecraft:diamond_chestplate":1,"minecraft:cobbled_deepslate":81,"minecraft:bamboo_planks":48,"minecraft:water_bucket":13,"minecraft:baked_potato":19,"minecraft:crafting_table":9,"minecraft:bamboo_block":1,"minecraft:white_bed":16,"minecraft:iron_pickaxe":277,"minecraft:bamboo_slab":246,"minecraft:stone_axe":91,"minecraft:cobblestone":1,"minecraft:porkchop":5,"minecraft:bucket":23,"minecraft:yellow_bed":5,"minecraft:jukebox":6,"minecraft:diamond_leggings":1},"minecraft:dropped":{"minecraft:moss_block":19,"minecraft:baked_potato":40,"minecraft:diamond":38,"minecraft:crafting_table":1,"minecraft:rail":23,"minecraft:flint":2,"minecraft:dispenser":1,"minecraft:jungle_sapling":1,"minecraft:axolotl_bucket":1,"minecraft:iron_pickaxe":2,"minecraft:white_wool":2,"minecraft:gold_ingot":24,"minecraft:gravel":21,"minecraft:ancient_debris":1,"minecraft:detector_rail":1,"minecraft:cobbled_deepslate":157,"minecraft:wheat":12,"minecraft:obsidian":3,"minecraft:oak_planks":77,"minecraft:chiseled_stone_bricks":1,"minecraft:chest":1,"minecraft:arrow":15,"minecraft:powered_rail":4,"minecraft:crying_obsidian":3,"minecraft:netherrack":14,"minecraft:golden_boots":1,"minecraft:iron_ingot":65,"minecraft:bread":2,"minecraft:oak_fence":1,"minecraft:iron_helmet":2,"minecraft:cobblestone":23,"minecraft:amethyst_block":4,"minecraft:activator_rail":4,"minecraft:golden_apple":6,"minecraft:stick":5,"minecraft:repeater":2,"minecraft:melon_slice":15,"minecraft:iron_leggings":3,"minecraft:flowering_azalea":2,"minecraft:string":64,"minecraft:music_disc_cat":1,"minecraft:redstone":11,"minecraft:furnace":1,"minecraft:moss_carpet":3,"minecraft:wild_armor_trim_smithing_template":1,"minecraft:jukebox":1,"minecraft:tuff":13,"minecraft:clay_ball":175,"minecraft:iron_boots":2,"minecraft:iron_hoe":1,"minecraft:name_tag":1,"minecraft:big_dripleaf":8,"minecraft:iron_chestplate":2,"minecraft:diamond_pickaxe":1,"minecraft:andesite":1,"minecraft:oak_sapling":1,"minecraft:spider_eye":1,"minecraft:bamboo":41,"minecraft:bow":1,"minecraft:stone_pickaxe":1,"minecraft:raw_gold":15},"minecraft:killed":{"minecraft:cave_spider":5,"minecraft:spider":4,"minecraft:skeleton":17,"minecraft:chicken":1,"minecraft:pig":12,"minecraft:iron_golem":2,"minecraft:sheep":5,"minecraft:zombie":28,"minecraft:glow_squid":3,"minecraft:hoglin":1}},"DataVersion":3953}