{"stats":{"minecraft:used":{"minecraft:moss_block":3,"minecraft:wooden_axe":2,"biomesoplenty:redwood_planks":10,"minecraft:wooden_pickaxe":12,"tombstone:grave_key":7,"minecraft:dirt":6,"minecraft:crafting_table":1,"tombstone:gift":2},"minecraft:mined":{"minecraft:stone_brick_slab":7,"minecraft:crafting_table":1,"biomesoplenty:sea_oats":2,"minecraft:grass":1,"minecraft:dirt":6,"minecraft:cracked_stone_bricks":1,"minecraft:moss_block":3,"minecraft:mossy_stone_bricks":3,"biomesoplenty:redwood_wood":6,"minecraft:fern":1,"minecraft:chiseled_stone_bricks":1},"minecraft:killed_by":{"minecraft:skeleton":4,"minecraft:spider":1},"minecraft:crafted":{"minecraft:crafting_table":1,"minecraft:stick":4,"biomesoplenty:redwood_planks":24,"minecraft:wooden_pickaxe":1,"minecraft:wooden_axe":1},"minecraft:picked_up":{"minecraft:crafting_table":1,"minecraft:chiseled_stone_bricks":1,"minecraft:stone_brick_slab":7,"minecraft:dirt":6,"minecraft:arrow":2,"minecraft:cracked_stone_bricks":1,"minecraft:mossy_stone_bricks":2,"biomesoplenty:redwood_wood":6,"minecraft:moss_block":3},"minecraft:custom":{"minecraft:time_since_rest":1,"minecraft:sprint_one_cm":34034,"minecraft:damage_taken":1354,"minecraft:walk_one_cm":52700,"minecraft:mob_kills":1,"minecraft:damage_dealt":68,"minecraft:interact_with_crafting_table":3,"minecraft:fly_one_cm":19339,"minecraft:crouch_one_cm":765,"minecraft:play_time":26112,"minecraft:deaths":5,"minecraft:sneak_time":346,"minecraft:walk_under_water_one_cm":3723,"minecraft:jump":170,"minecraft:leave_game":3,"minecraft:walk_on_water_one_cm":1698,"minecraft:time_since_death":1132,"minecraft:climb_one_cm":471,"minecraft:total_world_time":26112,"minecraft:fall_one_cm":4398}},"DataVersion":3465}