{"stats":{"minecraft:picked_up":{"minecraft:cocoa_beans":11,"minecraft:crafting_table":7,"minecraft:iron_chestplate":1,"minecraft:wheat":6,"minecraft:chicken":1,"minecraft:clay_ball":131,"minecraft:suspicious_stew":1,"minecraft:diamond_sword":1,"minecraft:shield":1,"minecraft:amethyst_block":4,"minecraft:music_disc_cat":2,"minecraft:string":121,"minecraft:moss_carpet":3,"minecraft:raw_copper":30,"minecraft:iron_leggings":3,"minecraft:diamond_leggings":2,"minecraft:cartography_table":1,"minecraft:gold_nugget":10,"minecraft:cobbled_deepslate":183,"minecraft:music_disc_otherside":10,"minecraft:light_weighted_pressure_plate":1,"minecraft:oak_boat":1,"minecraft:jungle_sapling":1,"minecraft:azalea":22,"minecraft:iron_pickaxe":3,"minecraft:lectern":1,"minecraft:melon_slice":51,"minecraft:sugar_cane":34,"minecraft:chest":2,"minecraft:iron_boots":1,"minecraft:furnace":5,"minecraft:stick":10,"minecraft:raw_iron":97,"minecraft:jukebox":7,"minecraft:composter":2,"minecraft:big_dripleaf":2,"minecraft:oak_fence":1,"minecraft:torch":7,"minecraft:porkchop":27,"minecraft:golden_axe":1,"minecraft:carrot":2,"minecraft:redstone":3,"minecraft:bamboo_block":1,"minecraft:rotten_flesh":29,"minecraft:arrow":27,"minecraft:diamond_chestplate":2,"minecraft:tropical_fish":2,"minecraft:diamond_boots":1,"minecraft:gold_ingot":24,"minecraft:glow_berries":71,"minecraft:mutton":7,"minecraft:rail":2,"minecraft:white_wool":5,"minecraft:cobblestone":41,"minecraft:repeater":2,"minecraft:glow_ink_sac":8,"minecraft:andesite":2,"minecraft:jungle_log":2,"minecraft:leather":3,"minecraft:golden_leggings":1,"minecraft:flint":2,"minecraft:tuff":14,"minecraft:oak_log":31,"minecraft:ancient_debris":1,"minecraft:golden_boots":1,"minecraft:yellow_bed":5,"minecraft:lapis_lazuli":42,"minecraft:dirt":223,"minecraft:name_tag":2,"minecraft:bone":21,"minecraft:bow":1,"minecraft:wheat_seeds":13,"minecraft:raw_gold":31,"minecraft:spore_blossom":4,"minecraft:heart_of_the_sea":1,"minecraft:iron_ingot":84,"minecraft:diamond_helmet":2,"minecraft:bamboo":475,"minecraft:moss_block":35,"minecraft:iron_sword":1,"minecraft:oak_planks":129,"minecraft:flowering_azalea":36,"minecraft:bamboo_planks":6,"minecraft:pumpkin":1,"minecraft:music_disc_13":3,"minecraft:chiseled_stone_bricks":2,"minecraft:axolotl_bucket":2,"minecraft:dandelion":4,"minecraft:gravel":35,"minecraft:amethyst_shard":16,"minecraft:blast_furnace":1,"minecraft:white_bed":15,"minecraft:crying_obsidian":4,"minecraft:spider_eye":2,"minecraft:mossy_cobblestone":2,"minecraft:dispenser":1,"minecraft:diamond":82,"minecraft:iron_helmet":1,"minecraft:diamond_axe":1,"minecraft:golden_apple":2,"minecraft:gray_wool":2,"minecraft:rooted_dirt":51,"minecraft:oak_sapling":2,"minecraft:netherrack":19,"minecraft:coal":47,"minecraft:diamond_pickaxe":1},"minecraft:killed_by":{"minecraft:skeleton":1},"minecraft:custom":{"minecraft:mob_kills":76,"minecraft:interact_with_crafting_table":34,"minecraft:leave_game":6,"minecraft:climb_one_cm":5625,"minecraft:time_since_death":259771,"minecraft:sprint_one_cm":742093,"minecraft:walk_one_cm":1064941,"minecraft:damage_blocked_by_shield":639,"minecraft:drop":131,"minecraft:damage_dealt_absorbed":18,"minecraft:talked_to_villager":4,"minecraft:deaths":1,"minecraft:play_time":265129,"minecraft:sneak_time":3783,"minecraft:walk_under_water_one_cm":49125,"minecraft:boat_one_cm":145904,"minecraft:jump":4181,"minecraft:interact_with_blast_furnace":8,"minecraft:walk_on_water_one_cm":63798,"minecraft:total_world_time":265129,"minecraft:interact_with_furnace":44,"minecraft:play_record":16,"minecraft:sleep_in_bed":10,"minecraft:time_since_rest":22358,"minecraft:damage_taken":2512,"minecraft:damage_absorbed":41,"minecraft:damage_dealt":12826,"minecraft:swim_one_cm":58614,"minecraft:fly_one_cm":559365,"minecraft:open_chest":89,"minecraft:crouch_one_cm":10482,"minecraft:fall_one_cm":79099,"minecraft:horse_one_cm":119275},"minecraft:mined":{"minecraft:tuff":2,"minecraft:white_bed":15,"minecraft:mossy_cobblestone":2,"minecraft:deepslate_diamond_ore":46,"minecraft:jungle_leaves":27,"minecraft:cave_vines_plant":1,"minecraft:budding_amethyst":1,"minecraft:grass_block":128,"minecraft:jungle_log":2,"minecraft:redstone_wire":2,"minecraft:composter":2,"minecraft:bamboo_block":1,"minecraft:moss_block":9,"minecraft:cartography_table":1,"minecraft:rooted_dirt":51,"minecraft:spawner":7,"minecraft:chiseled_stone_bricks":1,"minecraft:furnace":5,"minecraft:fire":4,"minecraft:sticky_piston":3,"minecraft:iron_ore":4,"minecraft:cobbled_deepslate":8,"minecraft:andesite":1,"minecraft:pumpkin":1,"minecraft:deepslate_lapis_ore":5,"minecraft:deepslate_iron_ore":89,"minecraft:cave_vines":4,"minecraft:flowering_azalea_leaves":3,"minecraft:azalea_leaves":4,"minecraft:bamboo":122,"minecraft:azalea":19,"minecraft:stone":20,"minecraft:tripwire":2,"minecraft:flowering_azalea":19,"minecraft:amethyst_cluster":4,"minecraft:dandelion":4,"minecraft:oak_fence":1,"minecraft:clay":3,"minecraft:crafting_table":6,"minecraft:torch":4,"minecraft:short_grass":112,"minecraft:blast_furnace":1,"minecraft:melon":11,"minecraft:chest":1,"minecraft:lectern":1,"minecraft:copper_ore":5,"minecraft:tall_grass":8,"minecraft:cobblestone":1,"minecraft:deepslate_gold_ore":33,"minecraft:oak_planks":87,"minecraft:sugar_cane":14,"minecraft:wall_torch":3,"minecraft:amethyst_block":4,"minecraft:big_dripleaf":1,"minecraft:deepslate_copper_ore":4,"minecraft:seagrass":1,"minecraft:bamboo_planks":6,"minecraft:jukebox":5,"minecraft:yellow_bed":5,"minecraft:oak_log":31,"minecraft:coal_ore":29,"minecraft:cocoa":7,"minecraft:gravel":10,"minecraft:dirt":93,"minecraft:cobweb":73,"minecraft:dispenser":1,"minecraft:netherrack":15,"minecraft:oak_leaves":11,"minecraft:deepslate":48,"minecraft:fern":15},"minecraft:crafted":{"minecraft:wooden_sword":1,"minecraft:oak_planks":124,"minecraft:jukebox":1,"minecraft:furnace":2,"minecraft:bone_meal":78,"minecraft:bamboo_block":31,"minecraft:diamond_helmet":1,"minecraft:diamond_leggings":1,"minecraft:iron_boots":1,"minecraft:iron_axe":1,"minecraft:iron_hoe":1,"minecraft:stone_pickaxe":1,"minecraft:chest":1,"minecraft:diamond_boots":1,"minecraft:crafting_table":4,"minecraft:wooden_pickaxe":1,"minecraft:iron_helmet":1,"minecraft:iron_sword":1,"minecraft:bucket":3,"minecraft:stone_axe":1,"minecraft:bread":2,"minecraft:jungle_planks":8,"minecraft:air":0,"minecraft:bamboo_slab":114,"minecraft:bamboo_planks":62,"minecraft:oak_chest_boat":1,"minecraft:white_wool":3,"minecraft:iron_chestplate":1,"minecraft:shield":1,"minecraft:stick":60,"minecraft:iron_ingot":85,"minecraft:iron_pickaxe":1,"minecraft:wooden_axe":1,"minecraft:stone_sword":1,"minecraft:gold_ingot":41,"minecraft:iron_shovel":2,"minecraft:iron_leggings":1,"minecraft:white_bed":1,"minecraft:torch":128,"minecraft:diamond_chestplate":1},"minecraft:broken":{"minecraft:stone_sword":1,"minecraft:iron_sword":1,"minecraft:stone_axe":1,"minecraft:iron_pickaxe":1},"minecraft:used":{"minecraft:moss_block":16,"minecraft:stone_sword":86,"minecraft:iron_shovel":229,"minecraft:chest":1,"minecraft:shield":15,"minecraft:iron_sword":257,"minecraft:rotten_flesh":29,"minecraft:netherrack":5,"minecraft:torch":140,"minecraft:dirt":108,"minecraft:tuff":1,"minecraft:diamond_helmet":1,"minecraft:axolotl_bucket":3,"minecraft:iron_hoe":9,"minecraft:wooden_axe":1,"minecraft:lava_bucket":1,"minecraft:iron_axe":124,"minecraft:rooted_dirt":33,"minecraft:iron_boots":1,"minecraft:bamboo":61,"minecraft:diamond_chestplate":1,"minecraft:bow":6,"minecraft:furnace":6,"minecraft:cobbled_deepslate":81,"minecraft:bamboo_planks":11,"minecraft:oak_chest_boat":1,"minecraft:golden_boots":1,"minecraft:water_bucket":1,"minecraft:diamond_boots":1,"minecraft:stone_pickaxe":69,"minecraft:oak_planks":14,"minecraft:wooden_pickaxe":1,"minecraft:sugar_cane":17,"minecraft:glow_berries":88,"minecraft:golden_apple":1,"minecraft:crafting_table":9,"minecraft:blast_furnace":1,"minecraft:bamboo_block":1,"minecraft:white_bed":16,"minecraft:bread":17,"minecraft:melon_slice":33,"minecraft:iron_pickaxe":277,"minecraft:bamboo_slab":43,"minecraft:gravel":11,"minecraft:stone_axe":91,"minecraft:cobblestone":1,"minecraft:porkchop":5,"minecraft:bucket":9,"minecraft:andesite":1,"minecraft:yellow_bed":5,"minecraft:tropical_fish_bucket":1,"minecraft:bone_meal":78,"minecraft:jukebox":6,"minecraft:diamond_leggings":1},"minecraft:dropped":{"minecraft:bread":2,"minecraft:iron_ingot":65,"minecraft:golden_boots":1,"minecraft:moss_block":19,"minecraft:diamond":38,"minecraft:crafting_table":1,"minecraft:oak_fence":1,"minecraft:cobblestone":23,"minecraft:iron_helmet":2,"minecraft:amethyst_block":4,"minecraft:activator_rail":4,"minecraft:golden_apple":6,"minecraft:rail":23,"minecraft:flint":2,"minecraft:stick":5,"minecraft:dispenser":1,"minecraft:repeater":2,"minecraft:melon_slice":15,"minecraft:flowering_azalea":2,"minecraft:iron_leggings":3,"minecraft:jungle_sapling":1,"minecraft:axolotl_bucket":1,"minecraft:iron_pickaxe":2,"minecraft:string":64,"minecraft:white_wool":2,"minecraft:music_disc_cat":1,"minecraft:gold_ingot":24,"minecraft:redstone":11,"minecraft:gravel":21,"minecraft:furnace":1,"minecraft:moss_carpet":3,"minecraft:ancient_debris":1,"minecraft:wild_armor_trim_smithing_template":1,"minecraft:detector_rail":1,"minecraft:cobbled_deepslate":157,"minecraft:jukebox":1,"minecraft:tuff":13,"minecraft:wheat":12,"minecraft:obsidian":3,"minecraft:oak_planks":77,"minecraft:clay_ball":175,"minecraft:iron_boots":2,"minecraft:name_tag":1,"minecraft:chiseled_stone_bricks":1,"minecraft:big_dripleaf":8,"minecraft:diamond_pickaxe":1,"minecraft:iron_chestplate":2,"minecraft:andesite":1,"minecraft:chest":1,"minecraft:oak_sapling":1,"minecraft:spider_eye":1,"minecraft:bamboo":41,"minecraft:arrow":15,"minecraft:bow":1,"minecraft:powered_rail":4,"minecraft:stone_pickaxe":1,"minecraft:raw_gold":15,"minecraft:crying_obsidian":3,"minecraft:netherrack":14},"minecraft:killed":{"minecraft:cave_spider":5,"minecraft:spider":4,"minecraft:skeleton":16,"minecraft:chicken":1,"minecraft:pig":10,"minecraft:iron_golem":1,"minecraft:hoglin":1,"minecraft:sheep":5,"minecraft:zombie":26,"minecraft:glow_squid":3}},"DataVersion":3953}