{"stat.pickup.minecraft.sand":17,"stat.walkOneCm":26583,"stat.entityKilledBy.Spider":1,"stat.craftItem.minecraft.planks":20,"stat.damageTaken":480,"stat.craftItem.minecraft.crafting_table":1,"stat.mineBlock.minecraft.log":5,"stat.pickup.minecraft.reeds":9,"stat.pickup.minecraft.log":5,"stat.flyOneCm":61519,"stat.deaths":1,"stat.jump":222,"stat.swimOneCm":2553,"stat.pickup.minecraft.egg":1,"stat.playOneMinute":6829,"stat.fallOneCm":4747,"stat.timeSinceDeath":4149,"stat.pickup.minecraft.snowball":16,"stat.sprintOneCm":22826,"stat.useItem.minecraft.stone_slab2":1,"stat.craftItem.minecraft.wooden_pickaxe":1,"stat.mineBlock.minecraft.tallgrass":4,"stat.diveOneCm":1194,"stat.craftItem.minecraft.stick":8,"stat.craftItem.minecraft.wooden_axe":1,"stat.craftingTableInteraction":1}