{"stats":{"minecraft:used":{"minecraft:moss_block":3,"minecraft:wooden_axe":10,"minecraft:mossy_stone_bricks":2,"biomesoplenty:redwood_planks":10,"minecraft:wooden_pickaxe":18,"tombstone:grave_key":7,"biomesoplenty:redwood_boat":1,"minecraft:stone_axe":14,"minecraft:dirt":6,"minecraft:crafting_table":4,"tombstone:gift":2},"minecraft:killed":{"minecraft:skeleton":1,"alexsmobs:cockroach":1},"minecraft:mined":{"minecraft:seagrass":1,"biomesoplenty:redwood_planks":10,"minecraft:stone_brick_slab":7,"minecraft:crafting_table":4,"biomesoplenty:sea_oats":2,"minecraft:grass":1,"minecraft:dirt":6,"minecraft:cobblestone":6,"minecraft:cracked_stone_bricks":1,"minecraft:moss_block":3,"minecraft:mossy_stone_bricks":3,"biomesoplenty:redwood_wood":6,"minecraft:fern":1,"minecraft:chiseled_stone_bricks":1},"minecraft:killed_by":{"minecraft:drowned":1,"minecraft:skeleton":4,"minecraft:spider":1},"minecraft:crafted":{"biomesoplenty:redwood_boat":1,"minecraft:crafting_table":1,"minecraft:stick":8,"biomesoplenty:redwood_planks":24,"minecraft:wooden_pickaxe":1,"minecraft:stone_pickaxe":1,"minecraft:wooden_axe":1,"minecraft:stone_axe":1,"tombstone:bone_needle":1},"minecraft:picked_up":{"minecraft:crafting_table":4,"minecraft:chiseled_stone_bricks":1,"minecraft:stone_brick_slab":7,"tombstone:grave_dust":1,"minecraft:dirt":6,"biomesoplenty:redwood_planks":10,"minecraft:bone":2,"minecraft:arrow":3,"minecraft:stone_bricks":1,"minecraft:cracked_stone_bricks":3,"alexsmobs:cockroach_wing_fragment":1,"minecraft:mossy_stone_bricks":2,"biomesoplenty:redwood_wood":6,"minecraft:moss_block":3,"minecraft:cobblestone":6},"minecraft:custom":{"minecraft:time_since_rest":1,"minecraft:sprint_one_cm":44700,"minecraft:damage_taken":1582,"minecraft:walk_one_cm":76275,"minecraft:mob_kills":3,"minecraft:damage_dealt":635,"minecraft:interact_with_crafting_table":6,"minecraft:fly_one_cm":23563,"minecraft:crouch_one_cm":765,"minecraft:play_time":33623,"tombstone:undead_killed":1,"minecraft:deaths":6,"minecraft:sneak_time":346,"minecraft:walk_under_water_one_cm":3723,"minecraft:boat_one_cm":3519,"minecraft:jump":235,"minecraft:leave_game":4,"minecraft:walk_on_water_one_cm":2240,"minecraft:time_since_death":544,"minecraft:climb_one_cm":813,"minecraft:total_world_time":33623,"minecraft:fall_one_cm":4398}},"DataVersion":3465}