{"stat.walkOneCm":95600,"stat.useItem.minecraft.torch":3,"stat.pickup.minecraft.crafting_table":2,"stat.craftItem.minecraft.crafting_table":2,"stat.furnaceInteraction":5,"stat.mineBlock.minecraft.coal_ore":3,"stat.pickup.minecraft.log":11,"stat.swimOneCm":2921,"stat.jump":417,"stat.pickup.minecraft.coal":3,"stat.pickup.minecraft.cooked_chicken":1,"stat.fallOneCm":6479,"stat.pickup.minecraft.beef":9,"stat.useItem.minecraft.stone_axe":2,"stat.craftItem.minecraft.stone_slab2":0,"stat.pickup.minecraft.chicken":4,"stat.crouchOneCm":699,"stat.craftItem.minecraft.torch":12,"stat.pickup.spartanshields.shield_basic_wood":1,"stat.craftItem.minecraft.iron_ingot":1,"stat.pickup.minecraft.dirt":2,"stat.sprintOneCm":36950,"stat.useItem.minecraft.stone_slab2":2,"stat.pickup.minecraft.cooked_beef":12,"stat.craftItem.minecraft.stick":16,"stat.craftItem.minecraft.wooden_axe":1,"stat.useItem.minecraft.cooked_chicken":1,"stat.craftingTableInteraction":4,"stat.pickup.minecraft.sand":17,"stat.entityKilledBy.Spider":1,"stat.craftItem.minecraft.planks":40,"stat.killEntity.Chicken":4,"stat.craftItem.minecraft.stone_axe":1,"stat.damageTaken":545,"stat.mineBlock.minecraft.crafting_table":2,"stat.pickup.minecraft.feather":3,"stat.pickup.minecraft.leather":5,"stat.craftItem.minecraft.stone_pickaxe":1,"stat.useItem.minecraft.wooden_pickaxe":6,"stat.pickup.minecraft.cobblestone":16,"stat.mobKills":8,"stat.craftItem.minecraft.wooden_sword":1,"stat.mineBlock.minecraft.log":11,"stat.pickup.minecraft.reeds":9,"stat.craftItem.minecraft.stone_sword":1,"stat.flyOneCm":100876,"stat.deaths":2,"stat.pickup.minecraft.wheat_seeds":1,"stat.pickup.minecraft.egg":7,"stat.playOneMinute":19429,"stat.useItem.minecraft.wooden_sword":5,"stat.entityKilledBy.Zombie":1,"stat.sneakTime":656,"stat.damageDealt":641,"stat.timeSinceDeath":9593,"stat.pickup.minecraft.snowball":16,"stat.useItem.minecraft.wooden_axe":6,"stat.killEntity.Cow":4,"stat.mineBlock.minecraft.dirt":2,"stat.craftItem.minecraft.wooden_pickaxe":1,"stat.mineBlock.minecraft.stone":3,"stat.mineBlock.minecraft.tallgrass":13,"stat.diveOneCm":2207,"stat.pickup.minecraft.cooked_mutton":3}