{"stats":{"minecraft:mined":{"biomesoplenty:mahogany_log":11,"minecraft:crafting_table":1,"minecraft:grass":1,"minecraft:melon":7,"minecraft:diorite":1,"minecraft:fern":4},"minecraft:picked_up":{"minecraft:crafting_table":1,"minecraft:diorite":1,"biomesoplenty:mahogany_log":11,"minecraft:rotten_flesh":6,"minecraft:wheat_seeds":1,"minecraft:iron_helmet":1,"minecraft:golden_apple":1,"minecraft:bread":2,"tombstone:magic_scroll":1,"minecraft:melon_slice":32},"minecraft:crafted":{"minecraft:crafting_table":1,"minecraft:stick":4,"biomesoplenty:mahogany_planks":20,"minecraft:iron_pickaxe":1},"minecraft:used":{"minecraft:melon_slice":3,"minecraft:iron_axe":1,"minecraft:bread":1,"minecraft:iron_pickaxe":1,"tombstone:magic_scroll":8,"minecraft:iron_sword":28,"minecraft:rotten_flesh":1,"minecraft:golden_apple":1,"minecraft:crafting_table":1},"minecraft:killed_by":{"minecraft:skeleton":1,"minecraft:zombie":1,"iceandfire:fire_dragon":1},"minecraft:killed":{"minecraft:zombie":6},"minecraft:custom":{"minecraft:time_since_rest":9249,"minecraft:sprint_one_cm":174007,"minecraft:walk_one_cm":97996,"minecraft:damage_taken":953,"minecraft:damage_absorbed":40,"minecraft:mob_kills":6,"minecraft:damage_dealt":1629,"minecraft:swim_one_cm":79873,"minecraft:interact_with_crafting_table":1,"minecraft:fly_one_cm":67105,"minecraft:open_chest":11,"minecraft:crouch_one_cm":159,"minecraft:play_time":35230,"tombstone:undead_killed":6,"minecraft:deaths":3,"minecraft:sneak_time":155,"minecraft:walk_under_water_one_cm":23328,"minecraft:jump":399,"minecraft:leave_game":3,"minecraft:walk_on_water_one_cm":43490,"minecraft:time_since_death":11648,"minecraft:total_world_time":35230,"minecraft:fall_one_cm":6630}},"DataVersion":3465}