{"stats":{"minecraft:used":{"minecraft:wooden_axe":9,"minecraft:stone_sword":14,"minecraft:stone_pickaxe":50,"minecraft:wooden_pickaxe":4,"minecraft:crafting_table":4,"minecraft:furnace":1},"minecraft:killed":{"minecraft:sheep":4},"minecraft:crafted":{"minecraft:oak_planks":44,"minecraft:crafting_table":1,"minecraft:stick":8,"minecraft:wooden_pickaxe":1,"minecraft:stone_pickaxe":1,"minecraft:wooden_axe":1,"minecraft:stone_sword":1,"minecraft:furnace":1},"minecraft:picked_up":{"minecraft:crafting_table":3,"minecraft:gravel":1,"minecraft:oak_log":11,"minecraft:mutton":6,"minecraft:coal":34,"minecraft:white_wool":4,"minecraft:cobblestone":16},"minecraft:mined":{"minecraft:large_fern":1,"minecraft:crafting_table":3,"biomesoplenty:sea_oats":1,"minecraft:grass":3,"minecraft:oak_log":11,"minecraft:coal_ore":36,"minecraft:gravel":1,"minecraft:cobblestone":8,"minecraft:stone":8},"minecraft:custom":{"minecraft:time_since_rest":10317,"minecraft:interact_with_furnace":1,"minecraft:sprint_one_cm":25068,"minecraft:damage_taken":20,"minecraft:walk_one_cm":32907,"minecraft:mob_kills":4,"minecraft:damage_dealt":404,"minecraft:interact_with_crafting_table":6,"minecraft:fly_one_cm":20142,"minecraft:play_time":10317,"minecraft:sneak_time":2,"minecraft:walk_under_water_one_cm":120,"minecraft:jump":140,"minecraft:leave_game":1,"minecraft:walk_on_water_one_cm":8986,"minecraft:time_since_death":10317,"minecraft:total_world_time":10317,"minecraft:fall_one_cm":1171}},"DataVersion":3465}