{"stats":{"minecraft:used":{"minecraft:cooked_mutton":5,"minecraft:stone_sword":55,"minecraft:stone_pickaxe":116,"minecraft:wooden_pickaxe":4,"minecraft:shield":32,"minecraft:diamond_axe":4,"minecraft:torch":16,"minecraft:crafting_table":11,"minecraft:white_bed":3,"minecraft:wooden_axe":14,"minecraft:diamond_pickaxe":40,"minecraft:iron_pickaxe":252,"minecraft:gravel":1,"minecraft:diamond_sword":19,"minecraft:cobblestone":23,"minecraft:furnace":3,"minecraft:cooked_porkchop":4,"minecraft:cobbled_deepslate":155},"minecraft:crafted":{"minecraft:oak_planks":44,"minecraft:diamond_sword":1,"minecraft:cooked_porkchop":5,"minecraft:diamond_axe":1,"minecraft:crafting_table":1,"minecraft:wooden_pickaxe":1,"minecraft:furnace":1,"minecraft:cooked_mutton":6,"minecraft:diamond_helmet":1,"minecraft:diamond_leggings":1,"minecraft:diamond_pickaxe":1,"minecraft:shield":1,"minecraft:stick":28,"minecraft:iron_ingot":4,"minecraft:iron_pickaxe":1,"minecraft:stone_pickaxe":1,"minecraft:wooden_axe":1,"minecraft:stone_sword":1,"minecraft:diamond_boots":1,"minecraft:white_bed":1,"minecraft:torch":36,"minecraft:diamond_chestplate":1},"minecraft:picked_up":{"minecraft:wooden_axe":2,"minecraft:crafting_table":11,"minecraft:feather":8,"minecraft:glow_ink_sac":3,"minecraft:andesite":12,"minecraft:wooden_pickaxe":1,"minecraft:filled_map":1,"minecraft:tuff":13,"minecraft:oak_log":11,"minecraft:dirt":9,"minecraft:string":5,"minecraft:paper":5,"minecraft:bone":3,"minecraft:cobbled_deepslate":201,"minecraft:stone_pickaxe":1,"minecraft:iron_ingot":1,"minecraft:chest":1,"minecraft:furnace":3,"minecraft:raw_iron":4,"minecraft:torch":3,"minecraft:gravel":5,"minecraft:sand":1,"minecraft:porkchop":5,"tombstone:grave_dust":4,"minecraft:diorite":6,"minecraft:white_bed":2,"minecraft:dark_prismarine":1,"minecraft:spider_eye":1,"minecraft:stone_sword":2,"minecraft:arrow":1,"minecraft:rotten_flesh":2,"minecraft:diamond":37,"minecraft:granite":8,"minecraft:emerald":3,"minecraft:mutton":6,"minecraft:white_wool":5,"minecraft:coal":133,"minecraft:rail":2,"iceandfire:raw_silver":1,"minecraft:cobblestone":67},"minecraft:custom":{"minecraft:interact_with_furnace":15,"minecraft:mob_kills":20,"tombstone:raider_killed":2,"minecraft:interact_with_crafting_table":21,"minecraft:open_barrel":7,"minecraft:leave_game":6,"minecraft:time_since_death":72040,"minecraft:sleep_in_bed":3,"minecraft:time_since_rest":182,"minecraft:sprint_one_cm":75742,"minecraft:damage_taken":735,"minecraft:walk_one_cm":223058,"minecraft:damage_blocked_by_shield":1635,"minecraft:drop":28,"minecraft:damage_dealt":2945,"minecraft:damage_dealt_absorbed":20,"minecraft:swim_one_cm":75640,"minecraft:fly_one_cm":61336,"minecraft:open_chest":10,"minecraft:play_time":72040,"minecraft:crouch_one_cm":32,"tombstone:undead_killed":5,"minecraft:sneak_time":238,"minecraft:walk_under_water_one_cm":21031,"minecraft:jump":768,"minecraft:walk_on_water_one_cm":32640,"minecraft:total_world_time":72040,"minecraft:fall_one_cm":5206},"minecraft:mined":{"minecraft:dark_prismarine":1,"minecraft:tuff":13,"minecraft:white_bed":2,"iceandfire:silver_ore":1,"minecraft:deepslate_diamond_ore":37,"minecraft:crafting_table":11,"minecraft:granite":4,"minecraft:grass_block":1,"minecraft:chest":1,"minecraft:tall_grass":1,"minecraft:cobblestone":8,"minecraft:diorite":3,"minecraft:wall_torch":3,"minecraft:large_fern":1,"minecraft:furnace":3,"minecraft:cobbled_deepslate":2,"minecraft:andesite":6,"biomesoplenty:sea_oats":1,"minecraft:grass":7,"minecraft:oak_log":11,"minecraft:coal_ore":61,"minecraft:deepslate_iron_ore":4,"minecraft:rail":1,"minecraft:sand":1,"minecraft:gravel":3,"minecraft:dirt":3,"minecraft:cobweb":1,"minecraft:stone":59,"minecraft:deepslate":198},"minecraft:dropped":{"minecraft:gravel":4,"minecraft:stone_sword":3,"minecraft:tuff":13,"minecraft:rotten_flesh":2,"minecraft:granite":8,"minecraft:rail":1,"minecraft:dirt":9,"minecraft:diorite":6,"minecraft:wooden_axe":3,"minecraft:andesite":12,"minecraft:spider_eye":1,"minecraft:arrow":1,"minecraft:wooden_pickaxe":1,"minecraft:stone_pickaxe":2,"minecraft:white_wool":2,"minecraft:bone":3},"minecraft:broken":{"minecraft:iron_pickaxe":1},"minecraft:killed":{"minecraft:cave_spider":1,"minecraft:pig":4,"minecraft:spider":1,"minecraft:sheep":4,"minecraft:skeleton":1,"minecraft:pillager":2,"minecraft:zombie":4}},"DataVersion":3465}