{"stats":{"minecraft:used":{"minecraft:cooked_mutton":6,"minecraft:stone_sword":55,"minecraft:stone_pickaxe":116,"minecraft:wooden_pickaxe":4,"minecraft:shield":40,"minecraft:diamond_axe":5,"minecraft:torch":16,"minecraft:crafting_table":11,"minecraft:white_bed":3,"minecraft:wooden_axe":14,"minecraft:diamond_pickaxe":44,"minecraft:bread":4,"minecraft:iron_pickaxe":252,"minecraft:gravel":1,"minecraft:diamond_sword":48,"minecraft:cobblestone":45,"minecraft:furnace":3,"minecraft:cooked_porkchop":5,"alexsmobs:animal_dictionary":1,"minecraft:cobbled_deepslate":155},"minecraft:crafted":{"minecraft:oak_planks":44,"minecraft:diamond_sword":1,"minecraft:cooked_porkchop":5,"minecraft:diamond_axe":1,"minecraft:crafting_table":1,"minecraft:wooden_pickaxe":1,"minecraft:furnace":1,"minecraft:cooked_mutton":6,"minecraft:diamond_helmet":1,"minecraft:diamond_leggings":1,"minecraft:diamond_pickaxe":1,"minecraft:shield":1,"minecraft:stick":28,"minecraft:iron_ingot":4,"minecraft:iron_pickaxe":1,"minecraft:stone_pickaxe":1,"minecraft:wooden_axe":1,"minecraft:stone_sword":1,"minecraft:diamond_boots":1,"minecraft:white_bed":1,"minecraft:torch":36,"minecraft:diamond_chestplate":1},"minecraft:picked_up":{"minecraft:wooden_axe":2,"minecraft:crafting_table":11,"minecraft:feather":8,"minecraft:glow_ink_sac":3,"minecraft:andesite":12,"minecraft:wooden_pickaxe":1,"minecraft:filled_map":1,"minecraft:tuff":13,"minecraft:oak_log":11,"minecraft:dirt":9,"minecraft:string":5,"minecraft:paper":5,"minecraft:bone":3,"minecraft:wheat_seeds":2,"minecraft:cobbled_deepslate":201,"minecraft:stone_pickaxe":1,"minecraft:iron_ingot":1,"minecraft:chest":1,"minecraft:furnace":3,"minecraft:raw_iron":4,"minecraft:torch":3,"minecraft:gravel":5,"minecraft:sand":1,"minecraft:porkchop":5,"tombstone:grave_dust":4,"minecraft:diorite":6,"minecraft:white_bed":3,"minecraft:dark_prismarine":1,"minecraft:spider_eye":1,"minecraft:stone_sword":2,"minecraft:arrow":1,"minecraft:rotten_flesh":3,"minecraft:diamond":37,"minecraft:granite":8,"minecraft:emerald":3,"minecraft:iron_bars":2,"minecraft:mutton":6,"minecraft:white_wool":5,"minecraft:coal":133,"minecraft:rail":2,"iceandfire:raw_silver":1,"minecraft:cobblestone":68},"minecraft:custom":{"minecraft:interact_with_furnace":15,"minecraft:mob_kills":26,"tombstone:raider_killed":2,"minecraft:interact_with_crafting_table":21,"minecraft:open_barrel":7,"minecraft:leave_game":6,"minecraft:time_since_death":84040,"minecraft:sleep_in_bed":3,"minecraft:time_since_rest":12182,"minecraft:sprint_one_cm":117514,"minecraft:damage_taken":966,"minecraft:walk_one_cm":265637,"minecraft:damage_blocked_by_shield":1815,"minecraft:trigger_trapped_chest":4,"minecraft:drop":37,"minecraft:damage_dealt":4372,"minecraft:damage_dealt_absorbed":20,"minecraft:swim_one_cm":77020,"minecraft:fly_one_cm":85342,"minecraft:open_chest":11,"minecraft:play_time":84040,"minecraft:crouch_one_cm":1033,"tombstone:undead_killed":10,"minecraft:sneak_time":901,"minecraft:walk_under_water_one_cm":22047,"minecraft:jump":954,"minecraft:walk_on_water_one_cm":42290,"minecraft:total_world_time":84040,"minecraft:fall_one_cm":7942},"minecraft:mined":{"minecraft:dark_prismarine":1,"minecraft:tuff":13,"minecraft:white_bed":3,"iceandfire:silver_ore":1,"minecraft:deepslate_diamond_ore":37,"minecraft:crafting_table":11,"minecraft:granite":4,"minecraft:grass_block":1,"minecraft:chest":1,"minecraft:tall_grass":3,"minecraft:cobblestone":9,"biomesoplenty:sprout":1,"minecraft:diorite":3,"minecraft:wall_torch":3,"minecraft:large_fern":2,"minecraft:furnace":3,"minecraft:cobbled_deepslate":2,"minecraft:andesite":6,"minecraft:vine":1,"minecraft:iron_bars":2,"biomesoplenty:sea_oats":1,"minecraft:grass":8,"minecraft:oak_log":11,"minecraft:coal_ore":61,"minecraft:deepslate_iron_ore":4,"minecraft:rail":1,"minecraft:sand":1,"minecraft:gravel":3,"minecraft:dirt":3,"minecraft:cobweb":1,"minecraft:stone":59,"minecraft:deepslate":198},"minecraft:dropped":{"minecraft:gravel":4,"minecraft:stone_sword":3,"minecraft:tuff":13,"minecraft:feather":8,"minecraft:rotten_flesh":3,"minecraft:granite":8,"minecraft:name_tag":1,"minecraft:rail":1,"minecraft:stick":5,"minecraft:filled_map":1,"minecraft:dirt":9,"minecraft:diorite":6,"iceandfire:silver_sword":1,"tombstone:grave_dust":4,"minecraft:chest":1,"minecraft:wooden_axe":3,"minecraft:andesite":12,"minecraft:iron_bars":2,"minecraft:spider_eye":1,"minecraft:arrow":1,"minecraft:wooden_pickaxe":1,"minecraft:stone_pickaxe":2,"minecraft:white_wool":2,"minecraft:bone":3},"minecraft:broken":{"minecraft:iron_pickaxe":1},"minecraft:killed":{"minecraft:cave_spider":1,"minecraft:pig":4,"minecraft:spider":1,"minecraft:sheep":4,"minecraft:skeleton":1,"minecraft:pillager":2,"iceandfire:ghost":4,"minecraft:zombie":5}},"DataVersion":3465}