{"stats":{"minecraft:used":{"minecraft:stone_sword":55,"minecraft:shield":71,"minecraft:torch":18,"minecraft:dirt":4,"minecraft:wooden_axe":14,"minecraft:furnace":5,"tombstone:gift":3,"minecraft:cooked_beef":2,"minecraft:cobbled_deepslate":155,"minecraft:enchanted_golden_apple":1,"minecraft:cooked_mutton":6,"minecraft:stone_pickaxe":116,"minecraft:oak_planks":11,"minecraft:wooden_pickaxe":4,"minecraft:diamond_axe":16,"minecraft:crafting_table":15,"minecraft:crossbow":4,"minecraft:white_bed":4,"minecraft:diamond_pickaxe":74,"minecraft:apple":8,"minecraft:bread":13,"minecraft:iron_pickaxe":252,"tombstone:magic_scroll":2,"minecraft:gravel":1,"minecraft:diamond_sword":120,"minecraft:cobblestone":69,"minecraft:cooked_porkchop":5,"alexsmobs:animal_dictionary":2},"minecraft:crafted":{"minecraft:oak_planks":44,"minecraft:furnace":1,"minecraft:cooked_mutton":6,"minecraft:diamond_helmet":1,"minecraft:diamond_leggings":1,"minecraft:stone_pickaxe":1,"minecraft:diamond_boots":1,"minecraft:cooked_beef":2,"minecraft:diamond_sword":1,"minecraft:cooked_porkchop":5,"minecraft:diamond_axe":1,"minecraft:crafting_table":2,"minecraft:wooden_pickaxe":1,"minecraft:bread":14,"biomesoplenty:fir_planks":12,"minecraft:diamond_pickaxe":1,"minecraft:shield":2,"minecraft:stick":28,"minecraft:iron_ingot":6,"minecraft:iron_pickaxe":1,"minecraft:wooden_axe":1,"minecraft:stone_sword":1,"minecraft:white_bed":1,"minecraft:torch":36,"minecraft:diamond_chestplate":1},"minecraft:picked_up":{"minecraft:wooden_axe":2,"minecraft:crafting_table":13,"minecraft:wooden_pickaxe":1,"minecraft:string":5,"minecraft:iron_shovel":1,"minecraft:cobbled_deepslate":201,"minecraft:beef":2,"minecraft:chest":1,"minecraft:furnace":4,"minecraft:raw_iron":6,"iceandfire:chared_grass":1,"minecraft:torch":3,"minecraft:porkchop":5,"tombstone:grave_dust":6,"minecraft:diorite":6,"minecraft:stone_sword":2,"minecraft:rotten_flesh":9,"minecraft:arrow":1,"minecraft:mutton":6,"minecraft:iron_bars":2,"minecraft:rail":2,"minecraft:white_wool":5,"minecraft:cobblestone":85,"minecraft:feather":8,"minecraft:glow_ink_sac":3,"minecraft:andesite":12,"minecraft:leather":1,"biomesoplenty:fir_sapling":1,"biomesoplenty:fir_log":4,"minecraft:filled_map":1,"minecraft:tuff":13,"minecraft:oak_log":11,"minecraft:dirt":18,"minecraft:paper":5,"minecraft:bone":3,"minecraft:wheat_seeds":7,"minecraft:iron_ingot":1,"minecraft:stone_pickaxe":1,"minecraft:gravel":6,"minecraft:sand":1,"minecraft:white_bed":4,"minecraft:spider_eye":1,"minecraft:dark_prismarine":1,"minecraft:diamond":37,"minecraft:granite":9,"minecraft:emerald":3,"tombstone:magic_scroll":1,"minecraft:coal":187,"iceandfire:raw_silver":1},"minecraft:killed_by":{"iceandfire:fire_dragon":4},"minecraft:dropped":{"minecraft:feather":8,"minecraft:granite":8,"minecraft:rail":1,"minecraft:stick":5,"minecraft:dirt":9,"minecraft:diorite":6,"iceandfire:silver_sword":1,"minecraft:wooden_axe":3,"tombstone:grave_dust":4,"minecraft:white_wool":2,"minecraft:bone":3,"minecraft:gravel":4,"minecraft:stone_sword":3,"minecraft:tuff":13,"minecraft:rotten_flesh":3,"minecraft:name_tag":1,"minecraft:filled_map":1,"minecraft:andesite":12,"minecraft:chest":1,"minecraft:spider_eye":1,"minecraft:iron_bars":2,"minecraft:arrow":1,"minecraft:stone_pickaxe":2,"minecraft:wooden_pickaxe":1},"minecraft:custom":{"minecraft:mob_kills":37,"minecraft:interact_with_crafting_table":25,"minecraft:open_barrel":7,"minecraft:damage_dealt_resisted":30,"minecraft:leave_game":7,"minecraft:time_since_death":124,"minecraft:climb_one_cm":231,"minecraft:damage_resisted":171,"minecraft:sprint_one_cm":192136,"minecraft:walk_one_cm":382974,"minecraft:damage_blocked_by_shield":2520,"minecraft:drop":37,"minecraft:damage_dealt_absorbed":20,"minecraft:play_time":112793,"minecraft:deaths":4,"minecraft:sneak_time":1087,"minecraft:walk_under_water_one_cm":22607,"minecraft:jump":1408,"minecraft:walk_on_water_one_cm":49852,"minecraft:total_world_time":112793,"minecraft:interact_with_furnace":24,"tombstone:raider_killed":2,"minecraft:sleep_in_bed":4,"minecraft:time_since_rest":1,"minecraft:damage_taken":3037,"minecraft:damage_absorbed":159,"minecraft:trigger_trapped_chest":4,"minecraft:damage_dealt":7147,"minecraft:fly_one_cm":132556,"minecraft:swim_one_cm":77020,"minecraft:open_chest":20,"minecraft:crouch_one_cm":1298,"tombstone:undead_killed":19,"minecraft:fall_one_cm":15702},"minecraft:mined":{"minecraft:dark_prismarine":1,"minecraft:tuff":13,"minecraft:white_bed":4,"iceandfire:silver_ore":1,"minecraft:deepslate_diamond_ore":37,"minecraft:granite":5,"minecraft:grass_block":4,"iceandfire:chared_dirt":2,"minecraft:spawner":1,"iceandfire:chared_grass":1,"minecraft:large_fern":2,"minecraft:furnace":4,"minecraft:fire":15,"minecraft:iron_ore":2,"minecraft:cobbled_deepslate":2,"minecraft:andesite":6,"biomesoplenty:sea_oats":1,"minecraft:deepslate_iron_ore":4,"minecraft:vine":1,"minecraft:rail":1,"minecraft:iron_bars":2,"minecraft:stone":76,"minecraft:crafting_table":13,"minecraft:chest":1,"minecraft:cobblestone":9,"minecraft:tall_grass":3,"biomesoplenty:sprout":5,"minecraft:diorite":3,"minecraft:wall_torch":3,"biomesoplenty:fir_log":4,"minecraft:grass":13,"minecraft:coal_ore":61,"minecraft:oak_log":11,"biomesoplenty:fir_leaves":1,"minecraft:dirt":9,"minecraft:gravel":3,"minecraft:sand":1,"minecraft:cobweb":1,"minecraft:deepslate":198},"minecraft:broken":{"minecraft:shield":1,"minecraft:iron_pickaxe":1},"minecraft:killed":{"minecraft:cave_spider":1,"minecraft:spider":1,"minecraft:skeleton":1,"minecraft:pig":4,"minecraft:sheep":4,"minecraft:pillager":2,"minecraft:zombie":14,"iceandfire:ghost":4,"minecraft:cow":2}},"DataVersion":3465}