{"stats":{"minecraft:picked_up":{"minecraft:raw_iron":2,"minecraft:crafting_table":4,"minecraft:glow_ink_sac":3,"minecraft:gravel":1,"minecraft:porkchop":5,"minecraft:oak_log":11,"tombstone:grave_dust":4,"minecraft:bone":1,"minecraft:arrow":1,"minecraft:rotten_flesh":2,"minecraft:cobbled_deepslate":61,"minecraft:iron_ingot":1,"minecraft:mutton":6,"minecraft:coal":66,"minecraft:white_wool":4,"minecraft:cobblestone":16,"minecraft:furnace":1},"minecraft:crafted":{"minecraft:oak_planks":44,"minecraft:cooked_porkchop":5,"minecraft:crafting_table":1,"minecraft:stick":16,"minecraft:wooden_pickaxe":1,"minecraft:stone_pickaxe":1,"minecraft:wooden_axe":1,"minecraft:stone_sword":1,"minecraft:furnace":1,"minecraft:torch":36,"minecraft:cooked_mutton":6},"minecraft:killed":{"minecraft:sheep":4,"minecraft:zombie":2,"minecraft:pig":4},"minecraft:used":{"minecraft:cooked_mutton":5,"minecraft:wooden_axe":10,"minecraft:stone_sword":41,"minecraft:stone_pickaxe":113,"minecraft:wooden_pickaxe":4,"minecraft:gravel":1,"minecraft:torch":13,"minecraft:crafting_table":4,"minecraft:furnace":2,"minecraft:cobbled_deepslate":14},"minecraft:custom":{"minecraft:time_since_rest":26243,"minecraft:interact_with_furnace":9,"minecraft:sprint_one_cm":31341,"minecraft:damage_taken":400,"minecraft:walk_one_cm":91854,"minecraft:mob_kills":11,"minecraft:damage_dealt":1328,"minecraft:damage_dealt_absorbed":20,"minecraft:interact_with_crafting_table":6,"minecraft:fly_one_cm":22246,"minecraft:play_time":26243,"tombstone:undead_killed":2,"minecraft:sneak_time":2,"minecraft:walk_under_water_one_cm":1077,"minecraft:jump":296,"minecraft:leave_game":4,"minecraft:time_since_death":26243,"minecraft:walk_on_water_one_cm":10462,"minecraft:total_world_time":26243,"minecraft:fall_one_cm":2698},"minecraft:mined":{"minecraft:large_fern":1,"minecraft:furnace":1,"minecraft:crafting_table":4,"biomesoplenty:sea_oats":1,"minecraft:grass":5,"minecraft:oak_log":11,"minecraft:coal_ore":36,"minecraft:deepslate_iron_ore":2,"minecraft:gravel":1,"minecraft:tall_grass":1,"minecraft:cobblestone":8,"minecraft:stone":8,"minecraft:deepslate":60}},"DataVersion":3465}