{"stats":{"minecraft:mined":{"minecraft:tuff":18,"minecraft:deepslate_diamond_ore":41,"minecraft:soul_fire":4,"minecraft:crafting_table":2,"minecraft:clay":8,"minecraft:short_grass":4,"minecraft:cobblestone":4,"minecraft:deepslate_gold_ore":1,"minecraft:moss_block":2,"minecraft:oak_planks":18,"minecraft:furnace":1,"minecraft:fire":1,"minecraft:oak_log":11,"minecraft:cave_vines":1,"minecraft:deepslate_iron_ore":1,"minecraft:vine":1,"minecraft:cobweb":13,"minecraft:ancient_debris":1,"minecraft:netherrack":22,"minecraft:deepslate":177},"minecraft:custom":{"minecraft:interact_with_furnace":13,"minecraft:mob_kills":7,"minecraft:interact_with_crafting_table":4,"minecraft:leave_game":1,"minecraft:time_since_death":168,"minecraft:climb_one_cm":1274,"minecraft:time_since_rest":251,"minecraft:damage_absorbed":40,"minecraft:sprint_one_cm":45923,"minecraft:damage_taken":608,"minecraft:walk_one_cm":92094,"minecraft:drop":14,"minecraft:damage_dealt":864,"minecraft:fly_one_cm":20635,"minecraft:open_chest":7,"minecraft:crouch_one_cm":480,"minecraft:deaths":1,"minecraft:play_time":35961,"minecraft:sneak_time":537,"minecraft:walk_under_water_one_cm":9628,"minecraft:boat_one_cm":37616,"minecraft:jump":284,"minecraft:walk_on_water_one_cm":6825,"minecraft:total_world_time":35961,"minecraft:fall_one_cm":6941},"minecraft:dropped":{"minecraft:moss_carpet":4,"minecraft:moss_block":4,"minecraft:wheat_seeds":2,"minecraft:rotten_flesh":5,"minecraft:clay_ball":33,"minecraft:light_gray_wool":1,"minecraft:sand":15},"minecraft:used":{"minecraft:cooked_mutton":4,"minecraft:iron_sword":24,"minecraft:golden_apple":1,"minecraft:glow_berries":1,"minecraft:crafting_table":3,"minecraft:oak_log":1,"minecraft:lever":1,"minecraft:diamond_pickaxe":27,"minecraft:iron_axe":31,"minecraft:iron_pickaxe":254,"minecraft:diamond_sword":6,"minecraft:furnace":2,"minecraft:cobbled_deepslate":5},"minecraft:broken":{"minecraft:iron_pickaxe":1},"minecraft:killed_by":{"minecraft:player":1},"minecraft:crafted":{"minecraft:oak_planks":40,"minecraft:diamond_sword":1,"minecraft:diamond_axe":1,"minecraft:crafting_table":1,"minecraft:iron_sword":1,"minecraft:cooked_mutton":4,"minecraft:air":0,"minecraft:diamond_helmet":1,"minecraft:diamond_leggings":1,"minecraft:diamond_pickaxe":1,"minecraft:shield":1,"minecraft:iron_axe":1,"minecraft:stick":16,"minecraft:iron_pickaxe":2,"minecraft:diamond_boots":1,"minecraft:diamond_chestplate":1},"minecraft:picked_up":{"minecraft:crafting_table":2,"minecraft:repeater":1,"minecraft:clay_ball":33,"minecraft:suspicious_stew":1,"minecraft:leather":1,"minecraft:tuff":18,"minecraft:oak_log":11,"minecraft:ancient_debris":1,"minecraft:amethyst_block":4,"minecraft:music_disc_cat":1,"minecraft:string":13,"minecraft:moss_carpet":4,"minecraft:sticky_piston":3,"minecraft:wheat_seeds":2,"minecraft:cobbled_deepslate":177,"minecraft:wild_armor_trim_smithing_template":1,"minecraft:raw_gold":1,"minecraft:spore_blossom":2,"minecraft:iron_ingot":82,"minecraft:light_gray_wool":1,"minecraft:moss_block":4,"minecraft:soul_sand":6,"minecraft:oak_planks":18,"minecraft:flowering_azalea":8,"minecraft:furnace":1,"minecraft:raw_iron":2,"minecraft:chiseled_stone_bricks":1,"minecraft:big_dripleaf":6,"minecraft:porkchop":3,"minecraft:sand":15,"minecraft:crying_obsidian":1,"minecraft:rotten_flesh":5,"minecraft:diamond":41,"minecraft:lever":1,"minecraft:golden_apple":1,"minecraft:netherrack":71,"minecraft:glow_berries":1,"minecraft:mutton":4,"minecraft:obsidian":3,"minecraft:rail":25,"minecraft:white_wool":2,"minecraft:cobblestone":5},"minecraft:killed":{"minecraft:spider":1,"minecraft:hoglin":1,"minecraft:sheep":3,"minecraft:zombie":1}},"DataVersion":3953}