{"stats":{"minecraft:mined":{"minecraft:crafting_table":1,"minecraft:torch":10,"minecraft:potted_dead_bush":1,"minecraft:melon":6,"minecraft:chest":1,"minecraft:jungle_log":3,"minecraft:wall_torch":4,"minecraft:large_fern":2,"minecraft:coarse_dirt":1,"minecraft:fire":3,"iceandfire:chared_gravel":3,"minecraft:grass":1,"iceandfire:gold_pile":101,"minecraft:fern":4},"minecraft:picked_up":{"minecraft:crafting_table":2,"minecraft:coarse_dirt":1,"minecraft:chicken":1,"minecraft:flower_pot":1,"minecraft:jungle_log":3,"minecraft:chest_minecart":1,"minecraft:enchanted_book":1,"minecraft:experience_bottle":3,"minecraft:bone":5,"minecraft:gold_nugget":1088,"tombstone:bag_of_seeds":1,"minecraft:melon_slice":21,"minecraft:chest":1,"minecraft:iron_sword":1,"minecraft:stick":1,"minecraft:torch":43,"minecraft:jungle_planks":1,"tombstone:grave_dust":4,"minecraft:dead_bush":2,"minecraft:bundle":1,"minecraft:pumpkin_seeds":2,"minecraft:arrow":8,"minecraft:rotten_flesh":35,"minecraft:stone_axe":1,"minecraft:iron_helmet":2,"minecraft:emerald":2,"sophisticatedbackpacks:copper_backpack":1,"minecraft:terracotta":3,"tombstone:magic_scroll":2,"minecraft:melon_seeds":2,"minecraft:coal":6,"iceandfire:chared_gravel":3,"minecraft:rail":12},"minecraft:used":{"minecraft:chest":1,"minecraft:iron_sword":109,"minecraft:rotten_flesh":3,"minecraft:torch":29,"minecraft:golden_apple":2,"minecraft:terracotta":3,"minecraft:crafting_table":3,"minecraft:jungle_planks":1,"minecraft:carrot":8,"minecraft:obsidian":5,"minecraft:apple":2,"minecraft:bread":2,"minecraft:melon_slice":9,"minecraft:iron_axe":12,"minecraft:iron_helmet":1,"minecraft:diamond_sword":161,"tombstone:gift":1,"alexsmobs:animal_dictionary":2,"minecraft:coarse_dirt":1},"minecraft:crafted":{"minecraft:crafting_table":1,"minecraft:jungle_planks":12,"minecraft:golden_leggings":1,"minecraft:golden_apple":3,"minecraft:stick":4,"minecraft:iron_pickaxe":1,"minecraft:gold_ingot":107,"minecraft:golden_boots":1},"minecraft:killed_by":{"minecraft:skeleton":6,"minecraft:zombie":1,"iceandfire:fire_dragon":3},"minecraft:killed":{"minecraft:skeleton":10,"minecraft:zombie":43,"minecraft:chicken":1},"minecraft:dropped":{"minecraft:bread":2,"minecraft:experience_bottle":1,"minecraft:chicken":1,"minecraft:iron_helmet":2,"minecraft:rotten_flesh":1,"minecraft:golden_apple":1,"minecraft:potato":1,"minecraft:torch":8,"minecraft:dead_bush":1,"minecraft:gold_nugget":64},"minecraft:custom":{"minecraft:mob_kills":54,"minecraft:interact_with_crafting_table":9,"minecraft:damage_dealt_resisted":394,"minecraft:interact_with_stonecutter":1,"minecraft:leave_game":2,"minecraft:time_since_death":944,"minecraft:sleep_in_bed":1,"minecraft:time_since_rest":218,"minecraft:sprint_one_cm":128209,"minecraft:walk_one_cm":112931,"minecraft:damage_taken":3017,"minecraft:damage_absorbed":40,"minecraft:drop":20,"minecraft:damage_dealt":11323,"minecraft:damage_dealt_absorbed":120,"minecraft:swim_one_cm":80597,"minecraft:fly_one_cm":218045,"minecraft:open_chest":49,"minecraft:crouch_one_cm":1949,"minecraft:play_time":44330,"tombstone:undead_killed":53,"minecraft:deaths":10,"minecraft:sneak_time":2454,"minecraft:walk_under_water_one_cm":11798,"minecraft:jump":977,"minecraft:walk_on_water_one_cm":35712,"minecraft:total_world_time":44330,"minecraft:fall_one_cm":25672}},"DataVersion":3465}