{"stats":{"minecraft:used":{"minecraft:apple":1,"minecraft:stone_shovel":20,"minecraft:stone_pickaxe":17,"minecraft:oak_planks":2,"minecraft:wooden_pickaxe":5,"minecraft:stone_axe":21,"minecraft:crafting_table":2,"minecraft:andesite":1,"alexsmobs:animal_dictionary":1},"minecraft:killed":{"alexsmobs:terrapin":1},"minecraft:crafted":{"minecraft:oak_planks":36,"minecraft:stone_shovel":1,"minecraft:crafting_table":1,"minecraft:stick":8,"minecraft:wooden_pickaxe":1,"minecraft:stone_pickaxe":1,"minecraft:stone_axe":1},"minecraft:dropped":{"minecraft:iron_ingot":2,"minecraft:name_tag":1,"minecraft:gold_ingot":6,"minecraft:emerald":2},"minecraft:picked_up":{"minecraft:charcoal":2,"minecraft:crafting_table":2,"minecraft:andesite":1,"minecraft:oak_log":17,"minecraft:dirt":11,"minecraft:apple":1,"minecraft:gold_ingot":3,"minecraft:oak_sapling":1,"minecraft:chest":1,"minecraft:coal":5,"minecraft:cobblestone":14},"minecraft:mined":{"minecraft:andesite":1,"minecraft:crafting_table":2,"biomesoplenty:sea_oats":7,"minecraft:oak_log":17,"minecraft:grass_block":12,"minecraft:coal_ore":5,"biomesoplenty:redwood_log":1,"minecraft:chest":1,"minecraft:campfire":1,"minecraft:cobblestone":3,"minecraft:stone":13,"minecraft:oak_leaves":9,"biomesoplenty:dune_grass":1},"minecraft:custom":{"minecraft:time_since_rest":12462,"minecraft:sprint_one_cm":28920,"minecraft:damage_taken":125,"minecraft:walk_one_cm":42135,"minecraft:mob_kills":1,"minecraft:drop":5,"minecraft:damage_dealt":100,"minecraft:swim_one_cm":1953,"minecraft:interact_with_crafting_table":3,"minecraft:fly_one_cm":22928,"minecraft:open_chest":2,"minecraft:crouch_one_cm":113,"minecraft:play_time":12462,"minecraft:sneak_time":113,"minecraft:walk_under_water_one_cm":842,"minecraft:jump":163,"minecraft:leave_game":1,"minecraft:time_since_death":12462,"minecraft:walk_on_water_one_cm":2141,"minecraft:total_world_time":12462,"minecraft:fall_one_cm":4391}},"DataVersion":3465}