{"stats":{"minecraft:used":{"minecraft:stone_sword":43,"minecraft:stone_pickaxe":53,"minecraft:stone_shovel":46,"minecraft:oak_planks":2,"minecraft:wooden_pickaxe":5,"minecraft:shield":30,"minecraft:torch":10,"minecraft:dirt":37,"minecraft:crafting_table":5,"minecraft:crossbow":2,"minecraft:white_bed":2,"alexsmobs:flying_fish":1,"minecraft:apple":1,"tombstone:grave_key":9,"minecraft:stone_axe":45,"minecraft:furnace":1,"minecraft:andesite":1,"tombstone:gift":2,"alexsmobs:animal_dictionary":1},"minecraft:killed":{"minecraft:cave_spider":3,"minecraft:pig":1,"alexsmobs:seal":3,"minecraft:spider":1,"alexsmobs:seagull":3,"minecraft:skeleton":2,"minecraft:pillager":2,"minecraft:zombie":1,"alexsmobs:terrapin":1,"alexsmobs:flying_fish":1},"minecraft:crafted":{"minecraft:oak_planks":108,"minecraft:stone_shovel":1,"minecraft:crafting_table":2,"minecraft:wooden_pickaxe":1,"minecraft:furnace":1,"minecraft:stone_axe":1,"minecraft:stick":32,"minecraft:stone_pickaxe":1,"minecraft:stone_sword":1,"minecraft:white_bed":1,"minecraft:torch":20},"minecraft:picked_up":{"minecraft:charcoal":2,"minecraft:crafting_table":5,"minecraft:feather":3,"minecraft:andesite":2,"minecraft:oak_log":27,"minecraft:shield":1,"minecraft:dirt":38,"minecraft:string":2,"minecraft:moss_carpet":3,"minecraft:apple":1,"minecraft:wheat_seeds":1,"minecraft:moss_block":1,"minecraft:chest":1,"minecraft:furnace":1,"minecraft:stick":3,"minecraft:torch":1,"minecraft:porkchop":2,"minecraft:white_bed":2,"minecraft:arrow":2,"minecraft:rotten_flesh":1,"minecraft:crossbow":1,"minecraft:gold_ingot":3,"minecraft:oak_sapling":1,"alexsmobs:flying_fish":1,"minecraft:coal":5,"minecraft:white_wool":3,"minecraft:cobblestone":45},"minecraft:dropped":{"minecraft:iron_ingot":2,"minecraft:apple":1,"minecraft:name_tag":1,"minecraft:emerald":2,"minecraft:torch":1,"tombstone:grave_dust":1,"minecraft:gold_ingot":6},"minecraft:mined":{"minecraft:white_bed":2,"minecraft:crafting_table":5,"minecraft:grass_block":21,"minecraft:chest":1,"minecraft:campfire":1,"minecraft:cobblestone":12,"minecraft:moss_block":1,"biomesoplenty:dune_grass":2,"minecraft:wall_torch":1,"minecraft:furnace":1,"minecraft:andesite":1,"minecraft:moss_carpet":5,"biomesoplenty:sea_oats":9,"minecraft:grass":2,"minecraft:oak_log":27,"minecraft:coal_ore":5,"biomesoplenty:redwood_log":1,"minecraft:dirt":18,"minecraft:stone":32,"minecraft:white_wool":3,"minecraft:oak_leaves":13,"minecraft:fern":1},"minecraft:killed_by":{"iceandfire:gorgon":1,"minecraft:skeleton":2},"minecraft:custom":{"minecraft:interact_with_furnace":1,"minecraft:mob_kills":18,"tombstone:raider_killed":2,"minecraft:interact_with_crafting_table":6,"minecraft:leave_game":3,"minecraft:time_since_death":2106,"minecraft:sleep_in_bed":2,"minecraft:time_since_rest":1,"minecraft:sprint_one_cm":91758,"minecraft:damage_taken":2147483647,"minecraft:walk_one_cm":111688,"minecraft:damage_blocked_by_shield":1245,"minecraft:drop":8,"minecraft:damage_dealt":2347,"minecraft:swim_one_cm":9609,"minecraft:fly_one_cm":87852,"minecraft:open_chest":2,"minecraft:crouch_one_cm":5434,"minecraft:play_time":38438,"minecraft:sneak_time":2707,"tombstone:undead_killed":3,"minecraft:deaths":4,"minecraft:walk_under_water_one_cm":3949,"minecraft:jump":640,"minecraft:walk_on_water_one_cm":12715,"minecraft:total_world_time":38438,"minecraft:fall_one_cm":16685}},"DataVersion":3465}