{"stats":{"minecraft:used":{"minecraft:stone_sword":18,"minecraft:stone_shovel":46,"minecraft:stone_pickaxe":45,"minecraft:oak_planks":2,"minecraft:wooden_pickaxe":5,"minecraft:shield":25,"minecraft:torch":10,"minecraft:dirt":22,"minecraft:crafting_table":4,"minecraft:crossbow":2,"minecraft:white_bed":1,"minecraft:apple":1,"minecraft:stone_axe":41,"minecraft:andesite":1,"tombstone:gift":2,"alexsmobs:animal_dictionary":1},"minecraft:killed":{"minecraft:cave_spider":3,"minecraft:spider":1,"alexsmobs:seagull":2,"minecraft:skeleton":2,"minecraft:zombie":1,"alexsmobs:terrapin":1},"minecraft:crafted":{"minecraft:oak_planks":36,"minecraft:stone_shovel":1,"minecraft:crafting_table":1,"minecraft:wooden_pickaxe":1,"minecraft:stone_axe":1,"minecraft:stick":16,"minecraft:stone_pickaxe":1,"minecraft:stone_sword":1,"minecraft:white_bed":1,"minecraft:torch":20},"minecraft:picked_up":{"minecraft:charcoal":2,"minecraft:crafting_table":4,"minecraft:feather":1,"minecraft:andesite":2,"minecraft:oak_log":27,"minecraft:shield":1,"minecraft:dirt":37,"minecraft:string":2,"minecraft:apple":1,"minecraft:chest":1,"minecraft:stick":2,"minecraft:torch":1,"minecraft:white_bed":1,"minecraft:rotten_flesh":1,"minecraft:gold_ingot":3,"minecraft:oak_sapling":1,"minecraft:coal":5,"minecraft:white_wool":3,"minecraft:cobblestone":45},"minecraft:dropped":{"minecraft:iron_ingot":2,"minecraft:apple":1,"minecraft:name_tag":1,"minecraft:emerald":2,"minecraft:torch":1,"tombstone:grave_dust":1,"minecraft:gold_ingot":6},"minecraft:mined":{"minecraft:white_bed":1,"minecraft:crafting_table":4,"minecraft:grass_block":21,"minecraft:chest":1,"minecraft:campfire":1,"minecraft:cobblestone":12,"biomesoplenty:dune_grass":1,"minecraft:wall_torch":1,"minecraft:andesite":1,"biomesoplenty:sea_oats":7,"minecraft:coal_ore":5,"minecraft:oak_log":27,"biomesoplenty:redwood_log":1,"minecraft:dirt":17,"minecraft:stone":32,"minecraft:white_wool":3,"minecraft:oak_leaves":13},"minecraft:killed_by":{"minecraft:skeleton":1},"minecraft:custom":{"minecraft:mob_kills":10,"minecraft:interact_with_crafting_table":5,"minecraft:leave_game":1,"minecraft:time_since_death":8102,"minecraft:sleep_in_bed":1,"minecraft:time_since_rest":4242,"minecraft:sprint_one_cm":49792,"minecraft:damage_taken":500,"minecraft:walk_one_cm":77061,"minecraft:damage_blocked_by_shield":945,"minecraft:drop":8,"minecraft:damage_dealt":1036,"minecraft:swim_one_cm":1953,"minecraft:fly_one_cm":41027,"minecraft:open_chest":2,"minecraft:crouch_one_cm":4414,"minecraft:play_time":24462,"tombstone:undead_killed":3,"minecraft:deaths":1,"minecraft:sneak_time":2199,"minecraft:walk_under_water_one_cm":842,"minecraft:jump":342,"minecraft:walk_on_water_one_cm":6577,"minecraft:total_world_time":24462,"minecraft:fall_one_cm":9570}},"DataVersion":3465}