{"stats":{"minecraft:mined":{"biomesoplenty:tiny_cactus":19,"biomesoplenty:wildflower":6,"minecraft:orange_terracotta":6,"minecraft:jungle_leaves":1,"minecraft:crafting_table":1,"minecraft:torch":1,"biomesoplenty:bush":1,"minecraft:red_sand":1,"minecraft:acacia_log":2,"minecraft:melon":1,"minecraft:dead_bush":9,"minecraft:cobblestone":2,"biomesoplenty:sprout":11,"minecraft:sugar_cane":5,"biomesoplenty:dune_grass":1,"minecraft:wall_torch":1,"biomesoplenty:palm_log":1,"minecraft:white_terracotta":1,"minecraft:hay_block":2,"minecraft:brown_bed":4,"biomesoplenty:waterlily":1,"minecraft:grass":4,"minecraft:oak_log":4,"minecraft:coal_ore":3,"minecraft:deepslate_iron_ore":3,"minecraft:rail":1,"minecraft:sand":1,"minecraft:stripped_jungle_log":1,"minecraft:terracotta":7,"minecraft:stone":26,"minecraft:bone_block":13,"minecraft:oak_leaves":1,"minecraft:fern":8,"iceandfire:chared_stone":1},"minecraft:picked_up":{"minecraft:crafting_table":1,"minecraft:chest_minecart":1,"minecraft:leather":3,"minecraft:brown_bed":4,"minecraft:oak_log":4,"minecraft:dirt":2,"minecraft:orange_terracotta":6,"minecraft:activator_rail":1,"minecraft:wheat_seeds":3,"minecraft:red_sand":1,"biomesoplenty:tiny_cactus":18,"minecraft:rabbit_hide":1,"minecraft:beef":6,"minecraft:iron_pickaxe":1,"minecraft:rabbit":2,"biomesoplenty:wildflower":10,"minecraft:melon_slice":19,"minecraft:sugar_cane":9,"iceandfire:chared_stone":1,"minecraft:stick":8,"minecraft:raw_iron":3,"biomesoplenty:waterlily":2,"minecraft:torch":26,"minecraft:acacia_log":2,"minecraft:sand":2,"minecraft:stripped_jungle_log":1,"minecraft:cactus":1,"biomesoplenty:palm_log":1,"tombstone:tablet_of_recall":1,"minecraft:hay_block":2,"alexsmobs:emu_egg":5,"minecraft:bread":2,"minecraft:terracotta":7,"minecraft:white_terracotta":1,"minecraft:bone_block":13,"minecraft:cobblestone":27,"minecraft:melon_seeds":4,"minecraft:coal":3,"minecraft:rail":1,"minecraft:ender_pearl":1},"minecraft:used":{"minecraft:stone_sword":39,"minecraft:stone_pickaxe":62,"minecraft:wooden_pickaxe":22,"minecraft:torch":8,"minecraft:crafting_table":4,"minecraft:stripped_jungle_log":1,"minecraft:bread":3,"minecraft:melon_slice":25,"minecraft:iron_pickaxe":17,"minecraft:cobblestone":18,"tombstone:gift":2,"minecraft:porkchop":1,"alexsmobs:animal_dictionary":1,"minecraft:brown_bed":3,"alexsmobs:emu_egg":4,"minecraft:acacia_planks":8,"minecraft:orange_terracotta":4},"minecraft:crafted":{"minecraft:red_dye":2,"minecraft:oak_planks":16,"minecraft:crafting_table":3,"minecraft:wooden_pickaxe":1,"minecraft:stick":4,"minecraft:stone_pickaxe":1,"minecraft:stone_sword":1,"minecraft:acacia_planks":8,"minecraft:magenta_dye":10,"biomesoplenty:palm_planks":4},"minecraft:killed_by":{"minecraft:skeleton":1,"iceandfire:fire_dragon":2},"minecraft:killed":{"minecraft:rabbit":2,"alexsmobs:emu":1,"alexsmobs:leafcutter_ant":1,"alexsmobs:fly":1,"minecraft:cow":2,"minecraft:enderman":1},"minecraft:dropped":{"iceandfire:chared_stone":1,"minecraft:iron_nugget":4,"minecraft:iron_helmet":1,"minecraft:rabbit_hide":1,"minecraft:dirt":2,"minecraft:orange_terracotta":1,"tombstone:grave_key":1,"minecraft:magenta_dye":10,"minecraft:red_dye":2,"minecraft:wooden_pickaxe":1,"minecraft:paper":2},"minecraft:custom":{"minecraft:mob_kills":8,"minecraft:interact_with_crafting_table":4,"minecraft:leave_game":3,"minecraft:time_since_death":2287,"minecraft:sleep_in_bed":3,"minecraft:climb_one_cm":355,"minecraft:time_since_rest":708,"minecraft:sprint_one_cm":173674,"minecraft:damage_taken":1366,"minecraft:walk_one_cm":104789,"minecraft:drop":12,"minecraft:damage_dealt":1063,"minecraft:swim_one_cm":19112,"minecraft:fly_one_cm":343161,"minecraft:open_chest":17,"minecraft:crouch_one_cm":3024,"minecraft:play_time":53179,"minecraft:deaths":4,"minecraft:sneak_time":1103,"minecraft:walk_under_water_one_cm":11628,"minecraft:jump":1463,"minecraft:walk_on_water_one_cm":35141,"minecraft:total_world_time":53179,"minecraft:fall_one_cm":44673}},"DataVersion":3465}