{
  "ags_day_counter:firts_day_advancement": {
    "criteria": {
      "firts_day_advancement": "2024-07-21 20:14:52 +0000"
    },
    "done": true
  },
  "moguns:crayfish/root": {
    "criteria": {
      "tick": "2024-07-21 20:06:12 +0000"
    },
    "done": true
  },
  "moguns:weapons/root": {
    "criteria": {
      "tick": "2024-07-21 20:06:12 +0000"
    },
    "done": true
  },
  "ags_day_counter:day_counter_root_advancement": {
    "criteria": {
      "day_counter_root_advancement": "2024-07-21 20:06:12 +0000"
    },
    "done": true
  },
  "minecraft:adventure/adventuring_time": {
    "criteria": {
      "minecraft:windswept_hills": "2024-07-21 20:22:22 +0000",
      "minecraft:river": "2024-07-21 20:22:28 +0000",
      "minecraft:forest": "2024-07-21 20:06:12 +0000",
      "minecraft:plains": "2024-07-21 20:22:34 +0000"
    },
    "done": false
  },
  "DataVersion": 3120
}