{
  "moguns:crayfish/root": {
    "criteria": {
      "tick": "2024-07-21 20:06:12 +0000"
    },
    "done": true
  },
  "moguns:weapons/root": {
    "criteria": {
      "tick": "2024-07-21 20:06:12 +0000"
    },
    "done": true
  },
  "ags_day_counter:day_counter_root_advancement": {
    "criteria": {
      "day_counter_root_advancement": "2024-07-21 20:06:12 +0000"
    },
    "done": true
  },
  "minecraft:adventure/adventuring_time": {
    "criteria": {
      "minecraft:forest": "2024-07-21 20:06:12 +0000"
    },
    "done": false
  },
  "DataVersion": 3120
}