{
  "minecraft:recipes/transportation/acacia_boat": {
    "criteria": {
      "in_water": "2024-07-22 03:29:06 +0000"
    },
    "done": true
  },
  "ags_day_counter:firts_day_advancement": {
    "criteria": {
      "firts_day_advancement": "2024-07-22 03:05:10 +0000"
    },
    "done": true
  },
  "minecraft:recipes/transportation/oak_boat": {
    "criteria": {
      "in_water": "2024-07-22 03:29:06 +0000"
    },
    "done": true
  },
  "moguns:crayfish/root": {
    "criteria": {
      "tick": "2024-07-22 02:55:48 +0000"
    },
    "done": true
  },
  "minecraft:recipes/transportation/dark_oak_boat": {
    "criteria": {
      "in_water": "2024-07-22 03:29:06 +0000"
    },
    "done": true
  },
  "minecraft:recipes/transportation/birch_boat": {
    "criteria": {
      "in_water": "2024-07-22 03:29:06 +0000"
    },
    "done": true
  },
  "moguns:weapons/root": {
    "criteria": {
      "tick": "2024-07-22 02:55:48 +0000"
    },
    "done": true
  },
  "minecraft:recipes/transportation/jungle_boat": {
    "criteria": {
      "in_water": "2024-07-22 03:29:06 +0000"
    },
    "done": true
  },
  "minecraft:recipes/transportation/mangrove_boat": {
    "criteria": {
      "in_water": "2024-07-22 03:29:06 +0000"
    },
    "done": true
  },
  "minecraft:recipes/transportation/spruce_boat": {
    "criteria": {
      "in_water": "2024-07-22 03:29:06 +0000"
    },
    "done": true
  },
  "ags_day_counter:day_counter_root_advancement": {
    "criteria": {
      "day_counter_root_advancement": "2024-07-22 02:55:48 +0000"
    },
    "done": true
  },
  "minecraft:adventure/adventuring_time": {
    "criteria": {
      "minecraft:old_growth_pine_taiga": "2024-07-22 03:04:52 +0000",
      "minecraft:taiga": "2024-07-22 03:27:43 +0000",
      "minecraft:birch_forest": "2024-07-22 03:03:12 +0000",
      "minecraft:beach": "2024-07-22 03:03:15 +0000",
      "minecraft:dark_forest": "2024-07-22 02:55:49 +0000",
      "minecraft:river": "2024-07-22 03:03:10 +0000",
      "minecraft:cold_ocean": "2024-07-22 03:28:29 +0000",
      "minecraft:forest": "2024-07-22 03:28:06 +0000",
      "minecraft:ocean": "2024-07-22 03:04:22 +0000",
      "minecraft:old_growth_spruce_taiga": "2024-07-22 03:04:35 +0000",
      "minecraft:old_growth_birch_forest": "2024-07-22 03:03:33 +0000"
    },
    "done": false
  },
  "DataVersion": 3120
}